"../../../Engine/Plugins/2D/Paper2D/Content/PlaceholderTextures/DummySpriteTexture.ubulk" 0
"../../../Engine/Plugins/2D/Paper2D/Content/PlaceholderTextures/DummySpriteTexture.uasset" 1
"../../../Engine/Plugins/2D/Paper2D/Content/PlaceholderTextures/DummySpriteTexture.uexp" 2
"../../../Engine/Plugins/2D/Paper2D/Content/DummySprite.uasset" 3
"../../../Engine/Plugins/2D/Paper2D/Content/DummySprite.uexp" 4
"../../../Engine/Plugins/2D/Paper2D/Content/DefaultPaperTerrainMaterial.uasset" 5
"../../../Engine/Plugins/2D/Paper2D/Content/DefaultPaperTerrainMaterial.uexp" 6
"../../../Engine/Plugins/Animation/ACLPlugin/Content/ACLAnimCurveCompressionSettings.uasset" 7
"../../../Engine/Plugins/Animation/ACLPlugin/Content/ACLAnimCurveCompressionSettings.uexp" 8
"../../../Engine/Plugins/Animation/ACLPlugin/Content/ACLAnimBoneCompressionSettings.uasset" 9
"../../../Engine/Plugins/Animation/ACLPlugin/Content/ACLAnimBoneCompressionSettings.uexp" 10
"../../../Engine/Content/EngineSounds/Master.uasset" 11
"../../../Engine/Content/EngineSounds/Master.uexp" 12
"../../../Engine/Content/EngineMaterials/DefaultPhysicalMaterial.uasset" 13
"../../../Engine/Content/EngineMaterials/DefaultPhysicalMaterial.uexp" 14
"../../../Engine/Content/EngineMaterials/DefaultDestructiblePhysicalMaterial.uasset" 15
"../../../Engine/Content/EngineMaterials/DefaultDestructiblePhysicalMaterial.uexp" 16
"../../../Engine/Content/EngineFonts/Faces/DroidSansFallback.uexp" 17
"../../../Engine/Content/EngineFonts/Faces/DroidSansFallback.uasset" 18
"../../../Engine/Content/EngineFonts/Faces/DroidSansFallback.ufont" 19
"../../../Engine/Content/EngineFonts/Faces/RobotoBold.uexp" 20
"../../../Engine/Content/EngineFonts/Faces/RobotoBold.uasset" 21
"../../../Engine/Content/EngineFonts/Faces/RobotoBold.ufont" 22
"../../../Engine/Content/EngineFonts/Faces/RobotoBoldItalic.uexp" 23
"../../../Engine/Content/EngineFonts/Faces/RobotoBoldItalic.uasset" 24
"../../../Engine/Content/EngineFonts/Faces/RobotoBoldItalic.ufont" 25
"../../../Engine/Content/EngineFonts/Faces/RobotoItalic.uexp" 26
"../../../Engine/Content/EngineFonts/Faces/RobotoItalic.uasset" 27
"../../../Engine/Content/EngineFonts/Faces/RobotoItalic.ufont" 28
"../../../Engine/Content/EngineFonts/Faces/RobotoLight.uexp" 29
"../../../Engine/Content/EngineFonts/Faces/RobotoLight.uasset" 30
"../../../Engine/Content/EngineFonts/Faces/RobotoLight.ufont" 31
"../../../Engine/Content/EngineFonts/Faces/RobotoRegular.uexp" 32
"../../../Engine/Content/EngineFonts/Faces/RobotoRegular.uasset" 33
"../../../Engine/Content/EngineFonts/Faces/RobotoRegular.ufont" 34
"../../../Engine/Content/EngineFonts/Roboto.uasset" 35
"../../../Engine/Content/EngineFonts/Roboto.uexp" 36
"../../../Engine/Content/EngineFonts/Faces/DroidSansMono.uexp" 37
"../../../Engine/Content/EngineFonts/Faces/DroidSansMono.uasset" 38
"../../../Engine/Content/EngineFonts/Faces/DroidSansMono.ufont" 39
"../../../Engine/Content/EngineFonts/DroidSansMono.uasset" 40
"../../../Engine/Content/EngineFonts/DroidSansMono.uexp" 41
"../../../Engine/Plugins/Animation/ControlRig/Content/Controls/DefaultGizmoLibraryNormalized.uasset" 42
"../../../Engine/Plugins/Animation/ControlRig/Content/Controls/DefaultGizmoLibraryNormalized.uexp" 43
"../../../Engine/Content/EngineResources/GradientTexture0.uasset" 44
"../../../Engine/Content/EngineResources/GradientTexture0.uexp" 45
"../../../Engine/Content/EditorResources/S_Actor.ubulk" 46
"../../../Engine/Content/EditorResources/S_Actor.uasset" 47
"../../../Engine/Content/EditorResources/S_Actor.uexp" 48
"../../../Engine/Content/EngineResources/DefaultTexture.ubulk" 49
"../../../Engine/Content/EngineResources/DefaultTexture.uasset" 50
"../../../Engine/Content/EngineResources/DefaultTexture.uexp" 51
"../../../Engine/Content/EngineMaterials/PreintegratedSkinBRDF.uasset" 52
"../../../Engine/Content/EngineMaterials/PreintegratedSkinBRDF.uexp" 53
"../../../Engine/Content/EngineMaterials/MiniFont.uasset" 54
"../../../Engine/Content/EngineMaterials/MiniFont.uexp" 55
"../../../Engine/Content/EngineMaterials/FastBlueNoise_vec2_128x128x64.uasset" 56
"../../../Engine/Content/EngineMaterials/FastBlueNoise_vec2_128x128x64.uexp" 57
"../../../Engine/Content/EngineMaterials/FastBlueNoise_scalar_128x128x8.uasset" 58
"../../../Engine/Content/EngineMaterials/FastBlueNoise_scalar_128x128x8.uexp" 59
"../../../Engine/Content/EngineMaterials/FastBlueNoise_scalar_128x128x64.uasset" 60
"../../../Engine/Content/EngineMaterials/FastBlueNoise_scalar_128x128x64.uexp" 61
"../../../Engine/Content/EngineMaterials/DefaultWhiteGrid.ubulk" 62
"../../../Engine/Content/EngineMaterials/DefaultWhiteGrid.uasset" 63
"../../../Engine/Content/EngineMaterials/DefaultWhiteGrid.uexp" 64
"../../../Engine/Content/EngineMaterials/DefaultBokeh.uasset" 65
"../../../Engine/Content/EngineMaterials/DefaultBokeh.uexp" 66
"../../../Engine/Content/EngineMaterials/DefaultBloomKernel.uasset" 67
"../../../Engine/Content/EngineMaterials/DefaultBloomKernel.uexp" 68
"../../../Engine/Content/EngineDamageTypes/DmgTypeBP_Environmental.uasset" 69
"../../../Engine/Content/EngineDamageTypes/DmgTypeBP_Environmental.uexp" 70
"../../../Engine/Content/EditorResources/S_TriggerSphere.uasset" 71
"../../../Engine/Content/EditorResources/S_TriggerSphere.uexp" 72
"../../../Engine/Content/EditorResources/S_TriggerCapsule.uasset" 73
"../../../Engine/Content/EditorResources/S_TriggerCapsule.uexp" 74
"../../../Engine/Content/EditorResources/S_TriggerBox.uasset" 75
"../../../Engine/Content/EditorResources/S_TriggerBox.uexp" 76
"../../../Engine/Content/EditorResources/S_Trigger.ubulk" 77
"../../../Engine/Content/EditorResources/S_Trigger.uasset" 78
"../../../Engine/Content/EditorResources/S_Trigger.uexp" 79
"../../../Engine/Content/EditorResources/S_Terrain.ubulk" 80
"../../../Engine/Content/EditorResources/S_Terrain.uasset" 81
"../../../Engine/Content/EditorResources/S_Terrain.uexp" 82
"../../../Engine/Content/EditorResources/S_Solver.ubulk" 83
"../../../Engine/Content/EditorResources/S_Solver.uasset" 84
"../../../Engine/Content/EditorResources/S_Solver.uexp" 85
"../../../Engine/Content/EditorResources/S_BoxReflectionCapture.uasset" 86
"../../../Engine/Content/EditorResources/S_BoxReflectionCapture.uexp" 87
"../../../Engine/Content/EditorResources/BSPVertex.uasset" 88
"../../../Engine/Content/EditorResources/BSPVertex.uexp" 89
"../../../Engine/Content/EditorBlueprintResources/StandardMacros.uasset" 90
"../../../Engine/Content/EditorBlueprintResources/StandardMacros.uexp" 91
"../../../Engine/Plugins/VirtualProduction/DataCharts/Content/Materials/M_Chart.uasset" 92
"../../../Engine/Plugins/VirtualProduction/DataCharts/Content/Materials/M_Chart.uexp" 93
"../../../Engine/Content/EngineFonts/RobotoDistanceField.uasset" 94
"../../../Engine/Content/EngineFonts/RobotoDistanceField.uexp" 95
"../../../Engine/Plugins/VirtualProduction/DataCharts/Content/Materials/DefaultTextMaterialAlpha.uasset" 96
"../../../Engine/Plugins/VirtualProduction/DataCharts/Content/Materials/DefaultTextMaterialAlpha.uexp" 97
"../../../Engine/Plugins/VirtualProduction/DataCharts/Content/Blueprints/FChart_Sample.uasset" 98
"../../../Engine/Plugins/VirtualProduction/DataCharts/Content/Blueprints/FChart_Sample.uexp" 99
"../../../Engine/Plugins/VirtualProduction/DataCharts/Content/Blueprints/DT_Sample.uasset" 100
"../../../Engine/Plugins/VirtualProduction/DataCharts/Content/Blueprints/DT_Sample.uexp" 101
"../../../Engine/Plugins/VirtualProduction/DataCharts/Content/Blueprints/CF_AnimGrow.uasset" 102
"../../../Engine/Plugins/VirtualProduction/DataCharts/Content/Blueprints/CF_AnimGrow.uexp" 103
"../../../Engine/Plugins/VirtualProduction/DataCharts/Content/Blueprints/CF_AnimFade.uasset" 104
"../../../Engine/Plugins/VirtualProduction/DataCharts/Content/Blueprints/CF_AnimFade.uexp" 105
"../../../Engine/Plugins/VirtualProduction/DataCharts/Content/Blueprints/CC_Chart.uasset" 106
"../../../Engine/Plugins/VirtualProduction/DataCharts/Content/Blueprints/CC_Chart.uexp" 107
"../../../Engine/Plugins/VirtualProduction/DataCharts/Content/Blueprints/BP_ChartBase.uasset" 108
"../../../Engine/Plugins/VirtualProduction/DataCharts/Content/Blueprints/BP_ChartBase.uexp" 109
"../../../Engine/Plugins/VirtualProduction/DataCharts/Content/Blueprints/BP_PieChart.uasset" 110
"../../../Engine/Plugins/VirtualProduction/DataCharts/Content/Blueprints/BP_PieChart.uexp" 111
"../../../Engine/Content/EngineMaterials/T_Default_Material_Grid_M.ubulk" 112
"../../../Engine/Content/EngineMaterials/T_Default_Material_Grid_M.uasset" 113
"../../../Engine/Content/EngineMaterials/T_Default_Material_Grid_M.uexp" 114
"../../../Engine/Content/Functions/Engine_MaterialFunctions01/Opacity/CameraDepthFade.uasset" 115
"../../../Engine/Content/Functions/Engine_MaterialFunctions01/Opacity/CameraDepthFade.uexp" 116
"../../../Engine/Content/EngineMaterials/T_Default_Material_Grid_N.ubulk" 117
"../../../Engine/Content/EngineMaterials/T_Default_Material_Grid_N.uasset" 118
"../../../Engine/Content/EngineMaterials/T_Default_Material_Grid_N.uexp" 119
"../../../Engine/Content/EngineMaterials/WorldGridMaterial.uasset" 120
"../../../Engine/Content/EngineMaterials/WorldGridMaterial.uexp" 121
"../../../Engine/Content/BasicShapes/Cube1.ubulk" 122
"../../../Engine/Content/BasicShapes/Cube1.uasset" 123
"../../../Engine/Content/BasicShapes/Cube1.uexp" 124
"../../../Engine/Plugins/VirtualProduction/DataCharts/Content/Meshes/SM_Line.ubulk" 125
"../../../Engine/Plugins/VirtualProduction/DataCharts/Content/Meshes/SM_Line.uasset" 126
"../../../Engine/Plugins/VirtualProduction/DataCharts/Content/Meshes/SM_Line.uexp" 127
"../../../Engine/Plugins/VirtualProduction/DataCharts/Content/Materials/M_ChartLine.uasset" 128
"../../../Engine/Plugins/VirtualProduction/DataCharts/Content/Materials/M_ChartLine.uexp" 129
"../../../Engine/Plugins/VirtualProduction/DataCharts/Content/Blueprints/BP_LineChart.uasset" 130
"../../../Engine/Plugins/VirtualProduction/DataCharts/Content/Blueprints/BP_LineChart.uexp" 131
"../../../Engine/Plugins/VirtualProduction/DataCharts/Content/Meshes/SM_Bar.ubulk" 132
"../../../Engine/Plugins/VirtualProduction/DataCharts/Content/Meshes/SM_Bar.uasset" 133
"../../../Engine/Plugins/VirtualProduction/DataCharts/Content/Meshes/SM_Bar.uexp" 134
"../../../Engine/Plugins/VirtualProduction/DataCharts/Content/Blueprints/BP_BarChart.uasset" 135
"../../../Engine/Plugins/VirtualProduction/DataCharts/Content/Blueprints/BP_BarChart.uexp" 136
"../../../Engine/Plugins/Runtime/AudioWidgets/Content/Resources/ScrubHandleDown_Clamped.uasset" 137
"../../../Engine/Plugins/Runtime/AudioWidgets/Content/Resources/ScrubHandleDown_Clamped.uexp" 138
"../../../Engine/Content/EngineResources/FilmGrains/Marcie_Grain_v3_128_M2_000.uasset" 139
"../../../Engine/Content/EngineResources/FilmGrains/Marcie_Grain_v3_128_M2_000.uexp" 140
"../../../Engine/Content/EngineResources/Development/ZenLogo_64.uasset" 141
"../../../Engine/Content/EngineResources/Development/ZenLogo_64.uexp" 142
"../../../Engine/Content/EngineMaterials/LTC/Sheen_LTC.uasset" 143
"../../../Engine/Content/EngineMaterials/LTC/Sheen_LTC.uexp" 144
"../../../Engine/Content/EngineMaterials/LTC/GGX_LTCMat.uasset" 145
"../../../Engine/Content/EngineMaterials/LTC/GGX_LTCMat.uexp" 146
"../../../Engine/Content/EngineMaterials/LTC/GGX_LTCAmp.uasset" 147
"../../../Engine/Content/EngineMaterials/LTC/GGX_LTCAmp.uexp" 148
"../../../Engine/Content/EngineMaterials/EnergyConservation/Sheen_Energy.uasset" 149
"../../../Engine/Content/EngineMaterials/EnergyConservation/Sheen_Energy.uexp" 150
"../../../Engine/Content/EngineMaterials/EnergyConservation/SheenLegacy_Energy.uasset" 151
"../../../Engine/Content/EngineMaterials/EnergyConservation/SheenLegacy_Energy.uexp" 152
"../../../Engine/Content/EngineMaterials/EnergyConservation/GGX_TransmissionEnergyArray.uasset" 153
"../../../Engine/Content/EngineMaterials/EnergyConservation/GGX_TransmissionEnergyArray.uexp" 154
"../../../Engine/Content/EngineMaterials/EnergyConservation/GGX_ReflectionEnergy.uasset" 155
"../../../Engine/Content/EngineMaterials/EnergyConservation/GGX_ReflectionEnergy.uexp" 156
"../../../Engine/Content/EngineMaterials/EnergyConservation/Diffuse_Energy.uasset" 157
"../../../Engine/Content/EngineMaterials/EnergyConservation/Diffuse_Energy.uexp" 158
"../../../Engine/Content/EditorResources/SequenceRecorder/RecordingIndicator.uasset" 159
"../../../Engine/Content/EditorResources/SequenceRecorder/RecordingIndicator.uexp" 160
"../../../Engine/Content/EditorResources/SequenceRecorder/Countdown.uasset" 161
"../../../Engine/Content/EditorResources/SequenceRecorder/Countdown.uexp" 162
"../../../Engine/Content/EditorMaterials/ParticleSystems/PSysThumbnail_OOD.ubulk" 163
"../../../Engine/Content/EditorMaterials/ParticleSystems/PSysThumbnail_OOD.uasset" 164
"../../../Engine/Content/EditorMaterials/ParticleSystems/PSysThumbnail_OOD.uexp" 165
"../../../Engine/Content/EditorMaterials/ParticleSystems/PSysThumbnail_NoImage.ubulk" 166
"../../../Engine/Content/EditorMaterials/ParticleSystems/PSysThumbnail_NoImage.uasset" 167
"../../../Engine/Content/EditorMaterials/ParticleSystems/PSysThumbnail_NoImage.uexp" 168
"../../../Engine/Content/BasicShapes/Cube.ubulk" 169
"../../../Engine/Content/BasicShapes/Cube.uasset" 170
"../../../Engine/Content/BasicShapes/Cube.uexp" 171
"../../../Engine/Content/EngineMaterials/DefaultMaterial.uasset" 172
"../../../Engine/Content/EngineMaterials/DefaultMaterial.uexp" 173
"../../../Engine/Content/BasicShapes/Sphere.ubulk" 174
"../../../Engine/Content/BasicShapes/Sphere.uasset" 175
"../../../Engine/Content/BasicShapes/Sphere.uexp" 176
"C:/Users/conov/Desktop/VR/BrainLabsV2 5.6/Content/VRTemplate/Haptics/GrabHapticEffect.uasset" 177
"C:/Users/conov/Desktop/VR/BrainLabsV2 5.6/Content/VRTemplate/Haptics/GrabHapticEffect.uexp" 178
"C:/Users/conov/Desktop/VR/BrainLabsV2 5.6/Content/VRTemplate/Blueprints/GrabType.uasset" 179
"C:/Users/conov/Desktop/VR/BrainLabsV2 5.6/Content/VRTemplate/Blueprints/GrabType.uexp" 180
"C:/Users/conov/Desktop/VR/BrainLabsV2 5.6/Content/VRTemplate/Blueprints/GrabComponent.uasset" 181
"C:/Users/conov/Desktop/VR/BrainLabsV2 5.6/Content/VRTemplate/Blueprints/GrabComponent.uexp" 182
"../../../Engine/Content/BasicShapes/BasicShapeMaterial.uasset" 183
"../../../Engine/Content/BasicShapes/BasicShapeMaterial.uexp" 184
"../../../Engine/Content/BasicShapes/Cylinder.ubulk" 185
"../../../Engine/Content/BasicShapes/Cylinder.uasset" 186
"../../../Engine/Content/BasicShapes/Cylinder.uexp" 187
"C:/Users/conov/Desktop/VR/BrainLabsV2 5.6/Content/PawnPrints/BPObjects/BreakableGlass/glass-break-sharp.ubulk" 188
"C:/Users/conov/Desktop/VR/BrainLabsV2 5.6/Content/PawnPrints/BPObjects/BreakableGlass/glass-break-sharp.uasset" 189
"C:/Users/conov/Desktop/VR/BrainLabsV2 5.6/Content/PawnPrints/BPObjects/BreakableGlass/glass-break-sharp.uexp" 190
"C:/Users/conov/Desktop/VR/BrainLabsV2 5.6/Content/LevelPrototyping/Materials/M_Solid.uasset" 191
"C:/Users/conov/Desktop/VR/BrainLabsV2 5.6/Content/LevelPrototyping/Materials/M_Solid.uexp" 192
"C:/Users/conov/Desktop/VR/BrainLabsV2 5.6/Content/LevelPrototyping/Materials/MI_Solid_Blue.uasset" 193
"C:/Users/conov/Desktop/VR/BrainLabsV2 5.6/Content/LevelPrototyping/Materials/MI_Solid_Blue.uexp" 194
"C:/Users/conov/Desktop/VR/BrainLabsV2 5.6/Content/LevelPrototyping/Meshes/SM_ChamferCube.ubulk" 195
"C:/Users/conov/Desktop/VR/BrainLabsV2 5.6/Content/LevelPrototyping/Meshes/SM_ChamferCube.uasset" 196
"C:/Users/conov/Desktop/VR/BrainLabsV2 5.6/Content/LevelPrototyping/Meshes/SM_ChamferCube.uexp" 197
"C:/Users/conov/Desktop/VR/BrainLabsV2 5.6/Content/PawnPrints/BPObjects/SpeakerColumn.uasset" 198
"C:/Users/conov/Desktop/VR/BrainLabsV2 5.6/Content/PawnPrints/BPObjects/SpeakerColumn.uexp" 199
"C:/Users/conov/Desktop/VR/BrainLabsV2 5.6/Content/PawnPrints/BPObjects/DataObjects/ResultDataStruct.uasset" 200
"C:/Users/conov/Desktop/VR/BrainLabsV2 5.6/Content/PawnPrints/BPObjects/DataObjects/ResultDataStruct.uexp" 201
"C:/Users/conov/Desktop/VR/BrainLabsV2 5.6/Content/PawnPrints/BPObjects/BreakableGlass/GlassMaterial.uasset" 202
"C:/Users/conov/Desktop/VR/BrainLabsV2 5.6/Content/PawnPrints/BPObjects/BreakableGlass/GlassMaterial.uexp" 203
"C:/Users/conov/Desktop/VR/BrainLabsV2 5.6/Content/PawnPrints/BPObjects/BreakableGlass/GlassShatter.uasset" 204
"C:/Users/conov/Desktop/VR/BrainLabsV2 5.6/Content/PawnPrints/BPObjects/BreakableGlass/GlassShatter.uexp" 205
"C:/Users/conov/Desktop/VR/BrainLabsV2 5.6/Content/PawnPrints/BPObjects/TargetObject.uasset" 206
"C:/Users/conov/Desktop/VR/BrainLabsV2 5.6/Content/PawnPrints/BPObjects/TargetObject.uexp" 207
"C:/Users/conov/Desktop/VR/BrainLabsV2 5.6/Content/PawnPrints/BPObjects/Audio/ElevenLabs_SoundOne.ubulk" 208
"C:/Users/conov/Desktop/VR/BrainLabsV2 5.6/Content/PawnPrints/BPObjects/Audio/ElevenLabs_SoundOne.uasset" 209
"C:/Users/conov/Desktop/VR/BrainLabsV2 5.6/Content/PawnPrints/BPObjects/Audio/ElevenLabs_SoundOne.uexp" 210
"C:/Users/conov/Desktop/VR/BrainLabsV2 5.6/Content/PawnPrints/BPObjects/Audio/ElevenLabs_SoundTwo.ubulk" 211
"C:/Users/conov/Desktop/VR/BrainLabsV2 5.6/Content/PawnPrints/BPObjects/Audio/ElevenLabs_SoundTwo.uasset" 212
"C:/Users/conov/Desktop/VR/BrainLabsV2 5.6/Content/PawnPrints/BPObjects/Audio/ElevenLabs_SoundTwo.uexp" 213
"C:/Users/conov/Desktop/VR/BrainLabsV2 5.6/Content/PawnPrints/BPObjects/TargetSpawner.uasset" 214
"C:/Users/conov/Desktop/VR/BrainLabsV2 5.6/Content/PawnPrints/BPObjects/TargetSpawner.uexp" 215
"C:/Users/conov/Desktop/VR/BrainLabsV2 5.6/Content/PawnPrints/BPObjects/DataObjects/SavedTestData.uasset" 216
"C:/Users/conov/Desktop/VR/BrainLabsV2 5.6/Content/PawnPrints/BPObjects/DataObjects/SavedTestData.uexp" 217
"C:/Users/conov/Desktop/VR/BrainLabsV2 5.6/Content/PawnPrints/BPObjects/DataObjects/TargetDataStruct.uasset" 218
"C:/Users/conov/Desktop/VR/BrainLabsV2 5.6/Content/PawnPrints/BPObjects/DataObjects/TargetDataStruct.uexp" 219
"C:/Users/conov/Desktop/VR/BrainLabsV2 5.6/Content/PawnPrints/BPObjects/TestController.uasset" 220
"C:/Users/conov/Desktop/VR/BrainLabsV2 5.6/Content/PawnPrints/BPObjects/TestController.uexp" 221
"C:/Users/conov/Desktop/VR/BrainLabsV2 5.6/Content/PawnPrints/BPObjects/DataObjects/TrialResults.uasset" 222
"C:/Users/conov/Desktop/VR/BrainLabsV2 5.6/Content/PawnPrints/BPObjects/DataObjects/TrialResults.uexp" 223
"C:/Users/conov/Desktop/VR/BrainLabsV2 5.6/Content/PawnPrints/BPObjects/DataObjects/TrialAnalyasisStruct.uasset" 224
"C:/Users/conov/Desktop/VR/BrainLabsV2 5.6/Content/PawnPrints/BPObjects/DataObjects/TrialAnalyasisStruct.uexp" 225
"C:/Users/conov/Desktop/VR/BrainLabsV2 5.6/Content/PawnPrints/BPObjects/DataObjects/BPFL_TrialAnalysis.uasset" 226
"C:/Users/conov/Desktop/VR/BrainLabsV2 5.6/Content/PawnPrints/BPObjects/DataObjects/BPFL_TrialAnalysis.uexp" 227
"C:/Users/conov/Desktop/VR/BrainLabsV2 5.6/Content/PawnPrints/BPObjects/TestData.uasset" 228
"C:/Users/conov/Desktop/VR/BrainLabsV2 5.6/Content/PawnPrints/BPObjects/TestData.uexp" 229
"../../../Engine/Content/BasicShapes/Plane.ubulk" 230
"../../../Engine/Content/BasicShapes/Plane.uasset" 231
"../../../Engine/Content/BasicShapes/Plane.uexp" 232
"C:/Users/conov/Desktop/VR/BrainLabsV2 5.6/Content/PawnPrints/BPObjects/GraphObjects/WBP_ResultGraph.uasset" 233
"C:/Users/conov/Desktop/VR/BrainLabsV2 5.6/Content/PawnPrints/BPObjects/GraphObjects/WBP_ResultGraph.uexp" 234
"C:/Users/conov/Desktop/VR/BrainLabsV2 5.6/Content/Materials/Green.uasset" 235
"C:/Users/conov/Desktop/VR/BrainLabsV2 5.6/Content/Materials/Green.uexp" 236
"C:/Users/conov/Desktop/VR/BrainLabsV2 5.6/Content/PawnPrints/BPObjects/DataObjects/UI_Widgets/BarMaterial.uasset" 237
"C:/Users/conov/Desktop/VR/BrainLabsV2 5.6/Content/PawnPrints/BPObjects/DataObjects/UI_Widgets/BarMaterial.uexp" 238
"C:/Users/conov/Desktop/VR/BrainLabsV2 5.6/Content/PawnPrints/BPObjects/GraphObjects/ResultGraph_Result_BarSegment.uasset" 239
"C:/Users/conov/Desktop/VR/BrainLabsV2 5.6/Content/PawnPrints/BPObjects/GraphObjects/ResultGraph_Result_BarSegment.uexp" 240
"C:/Users/conov/Desktop/VR/BrainLabsV2 5.6/Content/PawnPrints/BPObjects/GraphObjects/ResultGraph_Result.uasset" 241
"C:/Users/conov/Desktop/VR/BrainLabsV2 5.6/Content/PawnPrints/BPObjects/GraphObjects/ResultGraph_Result.uexp" 242
"C:/Users/conov/Desktop/VR/BrainLabsV2 5.6/Content/PawnPrints/BPObjects/GraphObjects/ResultGraph.uasset" 243
"C:/Users/conov/Desktop/VR/BrainLabsV2 5.6/Content/PawnPrints/BPObjects/GraphObjects/ResultGraph.uexp" 244
"C:/Users/conov/Desktop/VR/BrainLabsV2 5.6/Content/PawnPrints/BPObjects/DataObjects/BP_ResultDataObject.uasset" 245
"C:/Users/conov/Desktop/VR/BrainLabsV2 5.6/Content/PawnPrints/BPObjects/DataObjects/BP_ResultDataObject.uexp" 246
"C:/Users/conov/Desktop/VR/BrainLabsV2 5.6/Content/PawnPrints/BPObjects/DataObjects/UI_Widgets/WBP_ResultDataItem.uasset" 247
"C:/Users/conov/Desktop/VR/BrainLabsV2 5.6/Content/PawnPrints/BPObjects/DataObjects/UI_Widgets/WBP_ResultDataItem.uexp" 248
"C:/Users/conov/Desktop/VR/BrainLabsV2 5.6/Content/PawnPrints/BPObjects/DataObjects/UI_Widgets/WBP_Results.uasset" 249
"C:/Users/conov/Desktop/VR/BrainLabsV2 5.6/Content/PawnPrints/BPObjects/DataObjects/UI_Widgets/WBP_Results.uexp" 250
"C:/Users/conov/Desktop/VR/BrainLabsV2 5.6/Content/PawnPrints/BPObjects/AnalysisScreen.uasset" 251
"C:/Users/conov/Desktop/VR/BrainLabsV2 5.6/Content/PawnPrints/BPObjects/AnalysisScreen.uexp" 252
"C:/Users/conov/Desktop/VR/BrainLabsV2 5.6/Content/PawnPrints/BPObjects/DataObjects/UI_Widgets/WBP_IntroDesk.uasset" 253
"C:/Users/conov/Desktop/VR/BrainLabsV2 5.6/Content/PawnPrints/BPObjects/DataObjects/UI_Widgets/WBP_IntroDesk.uexp" 254
"C:/Users/conov/Desktop/VR/BrainLabsV2 5.6/Content/PawnPrints/BPObjects/Audio/WelcomeLines/ElevenLabs_Bill_-_WelcomeLine1.ubulk" 255
"C:/Users/conov/Desktop/VR/BrainLabsV2 5.6/Content/PawnPrints/BPObjects/Audio/WelcomeLines/ElevenLabs_Bill_-_WelcomeLine1.uasset" 256
"C:/Users/conov/Desktop/VR/BrainLabsV2 5.6/Content/PawnPrints/BPObjects/Audio/WelcomeLines/ElevenLabs_Bill_-_WelcomeLine1.uexp" 257
"C:/Users/conov/Desktop/VR/BrainLabsV2 5.6/Content/PawnPrints/BPObjects/DataObjects/DialogLineStruct.uasset" 258
"C:/Users/conov/Desktop/VR/BrainLabsV2 5.6/Content/PawnPrints/BPObjects/DataObjects/DialogLineStruct.uexp" 259
"C:/Users/conov/Desktop/VR/BrainLabsV2 5.6/Content/PawnPrints/BPObjects/Audio/WelcomeLines/ElevenLabs_Bill_-_WelcomeLine2.ubulk" 260
"C:/Users/conov/Desktop/VR/BrainLabsV2 5.6/Content/PawnPrints/BPObjects/Audio/WelcomeLines/ElevenLabs_Bill_-_WelcomeLine2.uasset" 261
"C:/Users/conov/Desktop/VR/BrainLabsV2 5.6/Content/PawnPrints/BPObjects/Audio/WelcomeLines/ElevenLabs_Bill_-_WelcomeLine2.uexp" 262
"C:/Users/conov/Desktop/VR/BrainLabsV2 5.6/Content/PawnPrints/BPObjects/Audio/WelcomeLines/ElevenLabs_Bill_-_WelcomeLine3.ubulk" 263
"C:/Users/conov/Desktop/VR/BrainLabsV2 5.6/Content/PawnPrints/BPObjects/Audio/WelcomeLines/ElevenLabs_Bill_-_WelcomeLine3.uasset" 264
"C:/Users/conov/Desktop/VR/BrainLabsV2 5.6/Content/PawnPrints/BPObjects/Audio/WelcomeLines/ElevenLabs_Bill_-_WelcomeLine3.uexp" 265
"C:/Users/conov/Desktop/VR/BrainLabsV2 5.6/Content/PawnPrints/BPObjects/Audio/WelcomeLines/ElevenLabs_Bill_-_WelcomeLine4.ubulk" 266
"C:/Users/conov/Desktop/VR/BrainLabsV2 5.6/Content/PawnPrints/BPObjects/Audio/WelcomeLines/ElevenLabs_Bill_-_WelcomeLine4.uasset" 267
"C:/Users/conov/Desktop/VR/BrainLabsV2 5.6/Content/PawnPrints/BPObjects/Audio/WelcomeLines/ElevenLabs_Bill_-_WelcomeLine4.uexp" 268
"C:/Users/conov/Desktop/VR/BrainLabsV2 5.6/Content/PawnPrints/BPObjects/Audio/ExplanationLines/ElevenLabs_Bill_-_ExplanationLine1.ubulk" 269
"C:/Users/conov/Desktop/VR/BrainLabsV2 5.6/Content/PawnPrints/BPObjects/Audio/ExplanationLines/ElevenLabs_Bill_-_ExplanationLine1.uasset" 270
"C:/Users/conov/Desktop/VR/BrainLabsV2 5.6/Content/PawnPrints/BPObjects/Audio/ExplanationLines/ElevenLabs_Bill_-_ExplanationLine1.uexp" 271
"C:/Users/conov/Desktop/VR/BrainLabsV2 5.6/Content/PawnPrints/BPObjects/Audio/ExplanationLines/ElevenLabs_Bill_-_ExplanationLine2.ubulk" 272
"C:/Users/conov/Desktop/VR/BrainLabsV2 5.6/Content/PawnPrints/BPObjects/Audio/ExplanationLines/ElevenLabs_Bill_-_ExplanationLine2.uasset" 273
"C:/Users/conov/Desktop/VR/BrainLabsV2 5.6/Content/PawnPrints/BPObjects/Audio/ExplanationLines/ElevenLabs_Bill_-_ExplanationLine2.uexp" 274
"C:/Users/conov/Desktop/VR/BrainLabsV2 5.6/Content/PawnPrints/BPObjects/Audio/ExplanationLines/ElevenLabs_Bill_-_ExplanationLine3.ubulk" 275
"C:/Users/conov/Desktop/VR/BrainLabsV2 5.6/Content/PawnPrints/BPObjects/Audio/ExplanationLines/ElevenLabs_Bill_-_ExplanationLine3.uasset" 276
"C:/Users/conov/Desktop/VR/BrainLabsV2 5.6/Content/PawnPrints/BPObjects/Audio/ExplanationLines/ElevenLabs_Bill_-_ExplanationLine3.uexp" 277
"C:/Users/conov/Desktop/VR/BrainLabsV2 5.6/Content/PawnPrints/BPObjects/Audio/ExplanationLines/ElevenLabs_Bill_-_ExplanationLine4.ubulk" 278
"C:/Users/conov/Desktop/VR/BrainLabsV2 5.6/Content/PawnPrints/BPObjects/Audio/ExplanationLines/ElevenLabs_Bill_-_ExplanationLine4.uasset" 279
"C:/Users/conov/Desktop/VR/BrainLabsV2 5.6/Content/PawnPrints/BPObjects/Audio/ExplanationLines/ElevenLabs_Bill_-_ExplanationLine4.uexp" 280
"C:/Users/conov/Desktop/VR/BrainLabsV2 5.6/Content/PawnPrints/BPObjects/Audio/ExplanationLines/ElevenLabs_Bill_-_ExplanationLine5.ubulk" 281
"C:/Users/conov/Desktop/VR/BrainLabsV2 5.6/Content/PawnPrints/BPObjects/Audio/ExplanationLines/ElevenLabs_Bill_-_ExplanationLine5.uasset" 282
"C:/Users/conov/Desktop/VR/BrainLabsV2 5.6/Content/PawnPrints/BPObjects/Audio/ExplanationLines/ElevenLabs_Bill_-_ExplanationLine5.uexp" 283
"C:/Users/conov/Desktop/VR/BrainLabsV2 5.6/Content/PawnPrints/BPObjects/Audio/ExplanationLines/ElevenLabs_Bill_-_ExplanationLine6.ubulk" 284
"C:/Users/conov/Desktop/VR/BrainLabsV2 5.6/Content/PawnPrints/BPObjects/Audio/ExplanationLines/ElevenLabs_Bill_-_ExplanationLine6.uasset" 285
"C:/Users/conov/Desktop/VR/BrainLabsV2 5.6/Content/PawnPrints/BPObjects/Audio/ExplanationLines/ElevenLabs_Bill_-_ExplanationLine6.uexp" 286
"C:/Users/conov/Desktop/VR/BrainLabsV2 5.6/Content/PawnPrints/BPObjects/IntroDesk.uasset" 287
"C:/Users/conov/Desktop/VR/BrainLabsV2 5.6/Content/PawnPrints/BPObjects/IntroDesk.uexp" 288
"../../../Engine/Content/VREditor/Devices/Generic/GenericHMDMaterial.uasset" 289
"../../../Engine/Content/VREditor/Devices/Generic/GenericHMDMaterial.uexp" 290
"../../../Engine/Content/VREditor/Devices/Generic/GenericHMD.ubulk" 291
"../../../Engine/Content/VREditor/Devices/Generic/GenericHMD.uasset" 292
"../../../Engine/Content/VREditor/Devices/Generic/GenericHMD.uexp" 293
"C:/Users/conov/Desktop/VR/BrainLabsV2 5.6/Content/Characters/MannequinsXR/Meshes/SK_MannequinsXR.uasset" 294
"C:/Users/conov/Desktop/VR/BrainLabsV2 5.6/Content/Characters/MannequinsXR/Meshes/SK_MannequinsXR.uexp" 295
"C:/Users/conov/Desktop/VR/BrainLabsV2 5.6/Content/Characters/MannequinsXR/Animations/MDT_MannequinsXR.uasset" 296
"C:/Users/conov/Desktop/VR/BrainLabsV2 5.6/Content/Characters/MannequinsXR/Animations/MDT_MannequinsXR.uexp" 297
"../../../Engine/Content/Animation/DefaultVariableFrameStrippingSettings.uasset" 298
"../../../Engine/Content/Animation/DefaultVariableFrameStrippingSettings.uexp" 299
"../../../Engine/Content/Animation/DefaultRecorderBoneCompression.uasset" 300
"../../../Engine/Content/Animation/DefaultRecorderBoneCompression.uexp" 301
"../../../Engine/Content/Animation/DefaultAnimCurveCompressionSettings.uasset" 302
"../../../Engine/Content/Animation/DefaultAnimCurveCompressionSettings.uexp" 303
"C:/Users/conov/Desktop/VR/BrainLabsV2 5.6/Content/Characters/MannequinsXR/Animations/A_MannequinsXR_ThumbUp_Right.uasset" 304
"C:/Users/conov/Desktop/VR/BrainLabsV2 5.6/Content/Characters/MannequinsXR/Animations/A_MannequinsXR_ThumbUp_Right.m.ubulk" 305
"C:/Users/conov/Desktop/VR/BrainLabsV2 5.6/Content/Characters/MannequinsXR/Animations/A_MannequinsXR_ThumbUp_Right.uexp" 306
"C:/Users/conov/Desktop/VR/BrainLabsV2 5.6/Content/Characters/MannequinsXR/Animations/A_MannequinsXR_Point_Right.uasset" 307
"C:/Users/conov/Desktop/VR/BrainLabsV2 5.6/Content/Characters/MannequinsXR/Animations/A_MannequinsXR_Point_Right.m.ubulk" 308
"C:/Users/conov/Desktop/VR/BrainLabsV2 5.6/Content/Characters/MannequinsXR/Animations/A_MannequinsXR_Point_Right.uexp" 309
"C:/Users/conov/Desktop/VR/BrainLabsV2 5.6/Content/Characters/MannequinsXR/Animations/A_MannequinsXR_IndexCurl_Right.uasset" 310
"C:/Users/conov/Desktop/VR/BrainLabsV2 5.6/Content/Characters/MannequinsXR/Animations/A_MannequinsXR_IndexCurl_Right.m.ubulk" 311
"C:/Users/conov/Desktop/VR/BrainLabsV2 5.6/Content/Characters/MannequinsXR/Animations/A_MannequinsXR_IndexCurl_Right.uexp" 312
"C:/Users/conov/Desktop/VR/BrainLabsV2 5.6/Content/Characters/MannequinsXR/Animations/A_MannequinsXR_Idle_Right.uasset" 313
"C:/Users/conov/Desktop/VR/BrainLabsV2 5.6/Content/Characters/MannequinsXR/Animations/A_MannequinsXR_Idle_Right.m.ubulk" 314
"C:/Users/conov/Desktop/VR/BrainLabsV2 5.6/Content/Characters/MannequinsXR/Animations/A_MannequinsXR_Idle_Right.uexp" 315
"C:/Users/conov/Desktop/VR/BrainLabsV2 5.6/Content/Characters/MannequinsXR/Animations/A_MannequinsXR_Grasp_Right.uasset" 316
"C:/Users/conov/Desktop/VR/BrainLabsV2 5.6/Content/Characters/MannequinsXR/Animations/A_MannequinsXR_Grasp_Right.m.ubulk" 317
"C:/Users/conov/Desktop/VR/BrainLabsV2 5.6/Content/Characters/MannequinsXR/Animations/A_MannequinsXR_Grasp_Right.uexp" 318
"C:/Users/conov/Desktop/VR/BrainLabsV2 5.6/Content/Characters/MannequinsXR/Meshes/ABP_MannequinsXR.uasset" 319
"C:/Users/conov/Desktop/VR/BrainLabsV2 5.6/Content/Characters/MannequinsXR/Meshes/ABP_MannequinsXR.uexp" 320
"C:/Users/conov/Desktop/VR/BrainLabsV2 5.6/Content/Characters/MannequinsXR/Textures/Manny/T_Manny_02_Tan.ubulk" 321
"C:/Users/conov/Desktop/VR/BrainLabsV2 5.6/Content/Characters/MannequinsXR/Textures/Manny/T_Manny_02_Tan.uasset" 322
"C:/Users/conov/Desktop/VR/BrainLabsV2 5.6/Content/Characters/MannequinsXR/Textures/Manny/T_Manny_02_Tan.uexp" 323
"C:/Users/conov/Desktop/VR/BrainLabsV2 5.6/Content/Characters/MannequinsXR/Textures/Manny/T_Manny_02_N.ubulk" 324
"C:/Users/conov/Desktop/VR/BrainLabsV2 5.6/Content/Characters/MannequinsXR/Textures/Manny/T_Manny_02_N.uasset" 325
"C:/Users/conov/Desktop/VR/BrainLabsV2 5.6/Content/Characters/MannequinsXR/Textures/Manny/T_Manny_02_N.uexp" 326
"C:/Users/conov/Desktop/VR/BrainLabsV2 5.6/Content/Characters/MannequinsXR/Textures/Manny/T_Manny_02_MSR_MSK.ubulk" 327
"C:/Users/conov/Desktop/VR/BrainLabsV2 5.6/Content/Characters/MannequinsXR/Textures/Manny/T_Manny_02_MSR_MSK.uasset" 328
"C:/Users/conov/Desktop/VR/BrainLabsV2 5.6/Content/Characters/MannequinsXR/Textures/Manny/T_Manny_02_MSR_MSK.uexp" 329
"C:/Users/conov/Desktop/VR/BrainLabsV2 5.6/Content/Characters/MannequinsXR/Textures/Manny/T_Manny_02_D.ubulk" 330
"C:/Users/conov/Desktop/VR/BrainLabsV2 5.6/Content/Characters/MannequinsXR/Textures/Manny/T_Manny_02_D.uasset" 331
"C:/Users/conov/Desktop/VR/BrainLabsV2 5.6/Content/Characters/MannequinsXR/Textures/Manny/T_Manny_02_D.uexp" 332
"C:/Users/conov/Desktop/VR/BrainLabsV2 5.6/Content/Characters/MannequinsXR/Textures/Manny/T_Manny_02_CCRCCPlastic_MSK.ubulk" 333
"C:/Users/conov/Desktop/VR/BrainLabsV2 5.6/Content/Characters/MannequinsXR/Textures/Manny/T_Manny_02_CCRCCPlastic_MSK.uasset" 334
"C:/Users/conov/Desktop/VR/BrainLabsV2 5.6/Content/Characters/MannequinsXR/Textures/Manny/T_Manny_02_CCRCCPlastic_MSK.uexp" 335
"C:/Users/conov/Desktop/VR/BrainLabsV2 5.6/Content/Characters/MannequinsXR/Textures/Manny/T_Manny_02_BN.ubulk" 336
"C:/Users/conov/Desktop/VR/BrainLabsV2 5.6/Content/Characters/MannequinsXR/Textures/Manny/T_Manny_02_BN.uasset" 337
"C:/Users/conov/Desktop/VR/BrainLabsV2 5.6/Content/Characters/MannequinsXR/Textures/Manny/T_Manny_02_BN.uexp" 338
"C:/Users/conov/Desktop/VR/BrainLabsV2 5.6/Content/Characters/MannequinsXR/Textures/Manny/T_Manny_02_ASAOPMASK_MSK.ubulk" 339
"C:/Users/conov/Desktop/VR/BrainLabsV2 5.6/Content/Characters/MannequinsXR/Textures/Manny/T_Manny_02_ASAOPMASK_MSK.uasset" 340
"C:/Users/conov/Desktop/VR/BrainLabsV2 5.6/Content/Characters/MannequinsXR/Textures/Manny/T_Manny_02_ASAOPMASK_MSK.uexp" 341
"../../../Engine/Content/Functions/Engine_MaterialFunctions02/Utility/BreakOutFloat2Components.uasset" 342
"../../../Engine/Content/Functions/Engine_MaterialFunctions02/Utility/BreakOutFloat2Components.uexp" 343
"../../../Engine/Content/Functions/Engine_MaterialFunctions01/Texturing/ScaleUVsByCenter.uasset" 344
"../../../Engine/Content/Functions/Engine_MaterialFunctions01/Texturing/ScaleUVsByCenter.uexp" 345
"C:/Users/conov/Desktop/VR/BrainLabsV2 5.6/Content/Characters/MannequinsXR/Textures/Manny/T_Manny_01_ASAOPMASK_MSK.ubulk" 346
"C:/Users/conov/Desktop/VR/BrainLabsV2 5.6/Content/Characters/MannequinsXR/Textures/Manny/T_Manny_01_ASAOPMASK_MSK.uasset" 347
"C:/Users/conov/Desktop/VR/BrainLabsV2 5.6/Content/Characters/MannequinsXR/Textures/Manny/T_Manny_01_ASAOPMASK_MSK.uexp" 348
"C:/Users/conov/Desktop/VR/BrainLabsV2 5.6/Content/Characters/MannequinsXR/Textures/Manny/T_Manny_01_BN.ubulk" 349
"C:/Users/conov/Desktop/VR/BrainLabsV2 5.6/Content/Characters/MannequinsXR/Textures/Manny/T_Manny_01_BN.uasset" 350
"C:/Users/conov/Desktop/VR/BrainLabsV2 5.6/Content/Characters/MannequinsXR/Textures/Manny/T_Manny_01_BN.uexp" 351
"C:/Users/conov/Desktop/VR/BrainLabsV2 5.6/Content/Characters/MannequinsXR/Textures/Manny/T_Manny_01_CCRCCPlastic_MSK.ubulk" 352
"C:/Users/conov/Desktop/VR/BrainLabsV2 5.6/Content/Characters/MannequinsXR/Textures/Manny/T_Manny_01_CCRCCPlastic_MSK.uasset" 353
"C:/Users/conov/Desktop/VR/BrainLabsV2 5.6/Content/Characters/MannequinsXR/Textures/Manny/T_Manny_01_CCRCCPlastic_MSK.uexp" 354
"C:/Users/conov/Desktop/VR/BrainLabsV2 5.6/Content/Characters/MannequinsXR/Textures/Manny/T_Manny_01_D.ubulk" 355
"C:/Users/conov/Desktop/VR/BrainLabsV2 5.6/Content/Characters/MannequinsXR/Textures/Manny/T_Manny_01_D.uasset" 356
"C:/Users/conov/Desktop/VR/BrainLabsV2 5.6/Content/Characters/MannequinsXR/Textures/Manny/T_Manny_01_D.uexp" 357
"C:/Users/conov/Desktop/VR/BrainLabsV2 5.6/Content/Characters/MannequinsXR/Textures/Manny/T_Manny_01_MSR_MSK.ubulk" 358
"C:/Users/conov/Desktop/VR/BrainLabsV2 5.6/Content/Characters/MannequinsXR/Textures/Manny/T_Manny_01_MSR_MSK.uasset" 359
"C:/Users/conov/Desktop/VR/BrainLabsV2 5.6/Content/Characters/MannequinsXR/Textures/Manny/T_Manny_01_MSR_MSK.uexp" 360
"C:/Users/conov/Desktop/VR/BrainLabsV2 5.6/Content/Characters/MannequinsXR/Textures/Manny/T_Manny_01_N.ubulk" 361
"C:/Users/conov/Desktop/VR/BrainLabsV2 5.6/Content/Characters/MannequinsXR/Textures/Manny/T_Manny_01_N.uasset" 362
"C:/Users/conov/Desktop/VR/BrainLabsV2 5.6/Content/Characters/MannequinsXR/Textures/Manny/T_Manny_01_N.uexp" 363
"C:/Users/conov/Desktop/VR/BrainLabsV2 5.6/Content/Characters/MannequinsXR/Textures/Manny/T_Manny_01_Tan.ubulk" 364
"C:/Users/conov/Desktop/VR/BrainLabsV2 5.6/Content/Characters/MannequinsXR/Textures/Manny/T_Manny_01_Tan.uasset" 365
"C:/Users/conov/Desktop/VR/BrainLabsV2 5.6/Content/Characters/MannequinsXR/Textures/Manny/T_Manny_01_Tan.uexp" 366
"C:/Users/conov/Desktop/VR/BrainLabsV2 5.6/Content/Characters/MannequinsXR/Textures/Shared/T_UE_Logo_M.uasset" 367
"C:/Users/conov/Desktop/VR/BrainLabsV2 5.6/Content/Characters/MannequinsXR/Textures/Shared/T_UE_Logo_M.uexp" 368
"C:/Users/conov/Desktop/VR/BrainLabsV2 5.6/Content/Characters/MannequinsXR/Materials/Functions/ChromaticCurve.uasset" 369
"C:/Users/conov/Desktop/VR/BrainLabsV2 5.6/Content/Characters/MannequinsXR/Materials/Functions/ChromaticCurve.uexp" 370
"C:/Users/conov/Desktop/VR/BrainLabsV2 5.6/Content/Characters/MannequinsXR/Materials/Functions/CA_Mannequin.uasset" 371
"C:/Users/conov/Desktop/VR/BrainLabsV2 5.6/Content/Characters/MannequinsXR/Materials/Functions/CA_Mannequin.uexp" 372
"C:/Users/conov/Desktop/VR/BrainLabsV2 5.6/Content/Characters/MannequinsXR/Materials/Functions/MF_Diffraction.uasset" 373
"C:/Users/conov/Desktop/VR/BrainLabsV2 5.6/Content/Characters/MannequinsXR/Materials/Functions/MF_Diffraction.uexp" 374
"C:/Users/conov/Desktop/VR/BrainLabsV2 5.6/Content/Characters/MannequinsXR/Materials/Functions/MF_logo3layers.uasset" 375
"C:/Users/conov/Desktop/VR/BrainLabsV2 5.6/Content/Characters/MannequinsXR/Materials/Functions/MF_logo3layers.uexp" 376
"C:/Users/conov/Desktop/VR/BrainLabsV2 5.6/Content/Characters/MannequinsXR/Materials/Functions/ML_BaseColorFallOff.uasset" 377
"C:/Users/conov/Desktop/VR/BrainLabsV2 5.6/Content/Characters/MannequinsXR/Materials/Functions/ML_BaseColorFallOff.uexp" 378
"C:/Users/conov/Desktop/VR/BrainLabsV2 5.6/Content/Characters/MannequinsXR/Materials/M_Mannequin.uasset" 379
"C:/Users/conov/Desktop/VR/BrainLabsV2 5.6/Content/Characters/MannequinsXR/Materials/M_Mannequin.uexp" 380
"C:/Users/conov/Desktop/VR/BrainLabsV2 5.6/Content/Characters/MannequinsXR/Materials/Instances/Manny/MI_Manny_01.uasset" 381
"C:/Users/conov/Desktop/VR/BrainLabsV2 5.6/Content/Characters/MannequinsXR/Materials/Instances/Manny/MI_Manny_01.uexp" 382
"C:/Users/conov/Desktop/VR/BrainLabsV2 5.6/Content/Characters/MannequinsXR/Materials/Instances/Manny/MI_Manny_02.uasset" 383
"C:/Users/conov/Desktop/VR/BrainLabsV2 5.6/Content/Characters/MannequinsXR/Materials/Instances/Manny/MI_Manny_02.uexp" 384
"C:/Users/conov/Desktop/VR/BrainLabsV2 5.6/Content/Characters/MannequinsXR/Meshes/SKM_MannyXR_left.uasset" 385
"C:/Users/conov/Desktop/VR/BrainLabsV2 5.6/Content/Characters/MannequinsXR/Meshes/SKM_MannyXR_left.uexp" 386
"C:/Users/conov/Desktop/VR/BrainLabsV2 5.6/Content/Characters/MannequinsXR/B_MannequinsXR.uasset" 387
"C:/Users/conov/Desktop/VR/BrainLabsV2 5.6/Content/Characters/MannequinsXR/B_MannequinsXR.uexp" 388
"C:/Users/conov/Desktop/VR/BrainLabsV2 5.6/Content/VRTemplate/Materials/DefaultRibbonMaterial_NoGradient.uasset" 389
"C:/Users/conov/Desktop/VR/BrainLabsV2 5.6/Content/VRTemplate/Materials/DefaultRibbonMaterial_NoGradient.uexp" 390
"C:/Users/conov/Desktop/VR/BrainLabsV2 5.6/Content/VRTemplate/VFX/NS_TeleportTrace.uasset" 391
"C:/Users/conov/Desktop/VR/BrainLabsV2 5.6/Content/VRTemplate/VFX/NS_TeleportTrace.uexp" 392
"C:/Users/conov/Desktop/VR/BrainLabsV2 5.6/Content/VRTemplate/Input/Actions/Hands/IA_Hand_Grasp_Left.uasset" 393
"C:/Users/conov/Desktop/VR/BrainLabsV2 5.6/Content/VRTemplate/Input/Actions/Hands/IA_Hand_Grasp_Left.uexp" 394
"C:/Users/conov/Desktop/VR/BrainLabsV2 5.6/Content/VRTemplate/Input/Actions/Hands/IA_Hand_Grasp_Right.uasset" 395
"C:/Users/conov/Desktop/VR/BrainLabsV2 5.6/Content/VRTemplate/Input/Actions/Hands/IA_Hand_Grasp_Right.uexp" 396
"C:/Users/conov/Desktop/VR/BrainLabsV2 5.6/Content/VRTemplate/Input/Actions/Hands/IA_Hand_IndexCurl_Left.uasset" 397
"C:/Users/conov/Desktop/VR/BrainLabsV2 5.6/Content/VRTemplate/Input/Actions/Hands/IA_Hand_IndexCurl_Left.uexp" 398
"C:/Users/conov/Desktop/VR/BrainLabsV2 5.6/Content/VRTemplate/Input/Actions/Hands/IA_Hand_IndexCurl_Right.uasset" 399
"C:/Users/conov/Desktop/VR/BrainLabsV2 5.6/Content/VRTemplate/Input/Actions/Hands/IA_Hand_IndexCurl_Right.uexp" 400
"C:/Users/conov/Desktop/VR/BrainLabsV2 5.6/Content/VRTemplate/Input/Actions/Hands/IA_Hand_Point_Left.uasset" 401
"C:/Users/conov/Desktop/VR/BrainLabsV2 5.6/Content/VRTemplate/Input/Actions/Hands/IA_Hand_Point_Left.uexp" 402
"C:/Users/conov/Desktop/VR/BrainLabsV2 5.6/Content/VRTemplate/Input/Actions/Hands/IA_Hand_Point_Right.uasset" 403
"C:/Users/conov/Desktop/VR/BrainLabsV2 5.6/Content/VRTemplate/Input/Actions/Hands/IA_Hand_Point_Right.uexp" 404
"C:/Users/conov/Desktop/VR/BrainLabsV2 5.6/Content/VRTemplate/Input/Actions/Hands/IA_Hand_ThumbUp_Left.uasset" 405
"C:/Users/conov/Desktop/VR/BrainLabsV2 5.6/Content/VRTemplate/Input/Actions/Hands/IA_Hand_ThumbUp_Left.uexp" 406
"C:/Users/conov/Desktop/VR/BrainLabsV2 5.6/Content/VRTemplate/Input/Actions/Hands/IA_Hand_ThumbUp_Right.uasset" 407
"C:/Users/conov/Desktop/VR/BrainLabsV2 5.6/Content/VRTemplate/Input/Actions/Hands/IA_Hand_ThumbUp_Right.uexp" 408
"C:/Users/conov/Desktop/VR/BrainLabsV2 5.6/Content/VRTemplate/Input/IMC_Hands.uasset" 409
"C:/Users/conov/Desktop/VR/BrainLabsV2 5.6/Content/VRTemplate/Input/IMC_Hands.uexp" 410
"C:/Users/conov/Desktop/VR/BrainLabsV2 5.6/Content/VRTemplate/Input/Actions/ClickRight.uasset" 411
"C:/Users/conov/Desktop/VR/BrainLabsV2 5.6/Content/VRTemplate/Input/Actions/ClickRight.uexp" 412
"C:/Users/conov/Desktop/VR/BrainLabsV2 5.6/Content/VRTemplate/Input/Actions/IA_Grab_Left.uasset" 413
"C:/Users/conov/Desktop/VR/BrainLabsV2 5.6/Content/VRTemplate/Input/Actions/IA_Grab_Left.uexp" 414
"C:/Users/conov/Desktop/VR/BrainLabsV2 5.6/Content/VRTemplate/Input/Actions/IA_Grab_Right.uasset" 415
"C:/Users/conov/Desktop/VR/BrainLabsV2 5.6/Content/VRTemplate/Input/Actions/IA_Grab_Right.uexp" 416
"C:/Users/conov/Desktop/VR/BrainLabsV2 5.6/Content/VRTemplate/Input/Actions/IA_Menu_Toggle_Left.uasset" 417
"C:/Users/conov/Desktop/VR/BrainLabsV2 5.6/Content/VRTemplate/Input/Actions/IA_Menu_Toggle_Left.uexp" 418
"C:/Users/conov/Desktop/VR/BrainLabsV2 5.6/Content/VRTemplate/Input/Actions/IA_Menu_Toggle_Right.uasset" 419
"C:/Users/conov/Desktop/VR/BrainLabsV2 5.6/Content/VRTemplate/Input/Actions/IA_Menu_Toggle_Right.uexp" 420
"C:/Users/conov/Desktop/VR/BrainLabsV2 5.6/Content/VRTemplate/Input/B_InputModifier_XAxisPositiveOnly.uasset" 421
"C:/Users/conov/Desktop/VR/BrainLabsV2 5.6/Content/VRTemplate/Input/B_InputModifier_XAxisPositiveOnly.uexp" 422
"C:/Users/conov/Desktop/VR/BrainLabsV2 5.6/Content/VRTemplate/Input/Actions/IA_Move.uasset" 423
"C:/Users/conov/Desktop/VR/BrainLabsV2 5.6/Content/VRTemplate/Input/Actions/IA_Move.uexp" 424
"C:/Users/conov/Desktop/VR/BrainLabsV2 5.6/Content/VRTemplate/Input/Actions/IA_Turn.uasset" 425
"C:/Users/conov/Desktop/VR/BrainLabsV2 5.6/Content/VRTemplate/Input/Actions/IA_Turn.uexp" 426
"C:/Users/conov/Desktop/VR/BrainLabsV2 5.6/Content/VRTemplate/Input/IMC_Default.uasset" 427
"C:/Users/conov/Desktop/VR/BrainLabsV2 5.6/Content/VRTemplate/Input/IMC_Default.uexp" 428
"C:/Users/conov/Desktop/VR/BrainLabsV2 5.6/Content/VRTemplate/VFX/NPC_VRTemplate.uasset" 429
"C:/Users/conov/Desktop/VR/BrainLabsV2 5.6/Content/VRTemplate/VFX/NPC_VRTemplate.uexp" 430
"../../../Engine/Content/Functions/Engine_MaterialFunctions02/Utility/CameraDirectionVector.uasset" 431
"../../../Engine/Content/Functions/Engine_MaterialFunctions02/Utility/CameraDirectionVector.uexp" 432
"../../../Engine/Content/EngineMaterials/Good64x64TilingNoiseHighFreq.uasset" 433
"../../../Engine/Content/EngineMaterials/Good64x64TilingNoiseHighFreq.uexp" 434
"../../../Engine/Content/Functions/Engine_MaterialFunctions02/Utility/DepthFromWorldPosition.uasset" 435
"../../../Engine/Content/Functions/Engine_MaterialFunctions02/Utility/DepthFromWorldPosition.uexp" 436
"C:/Users/conov/Desktop/VR/BrainLabsV2 5.6/Content/VRTemplate/Materials/Functions/MF_OccludedPixels.uasset" 437
"C:/Users/conov/Desktop/VR/BrainLabsV2 5.6/Content/VRTemplate/Materials/Functions/MF_OccludedPixels.uexp" 438
"C:/Users/conov/Desktop/VR/BrainLabsV2 5.6/Content/VRTemplate/Materials/M_TeleportNoise.uasset" 439
"C:/Users/conov/Desktop/VR/BrainLabsV2 5.6/Content/VRTemplate/Materials/M_TeleportNoise.uexp" 440
"C:/Users/conov/Desktop/VR/BrainLabsV2 5.6/Content/VRTemplate/Materials/M_TeleportCylinder.uasset" 441
"C:/Users/conov/Desktop/VR/BrainLabsV2 5.6/Content/VRTemplate/Materials/M_TeleportCylinder.uexp" 442
"C:/Users/conov/Desktop/VR/BrainLabsV2 5.6/Content/VRTemplate/VFX/NS_TeleportRing.uasset" 443
"C:/Users/conov/Desktop/VR/BrainLabsV2 5.6/Content/VRTemplate/VFX/NS_TeleportRing.uexp" 444
"C:/Users/conov/Desktop/VR/BrainLabsV2 5.6/Content/VRTemplate/VFX/NS_PlayAreaBounds.uasset" 445
"C:/Users/conov/Desktop/VR/BrainLabsV2 5.6/Content/VRTemplate/VFX/NS_PlayAreaBounds.uexp" 446
"C:/Users/conov/Desktop/VR/BrainLabsV2 5.6/Content/VRTemplate/Blueprints/VRTeleportVisualizer.uasset" 447
"C:/Users/conov/Desktop/VR/BrainLabsV2 5.6/Content/VRTemplate/Blueprints/VRTeleportVisualizer.uexp" 448
"C:/Users/conov/Desktop/VR/BrainLabsV2 5.6/Content/VRTemplate/VFX/NS_MenuLaser.uasset" 449
"C:/Users/conov/Desktop/VR/BrainLabsV2 5.6/Content/VRTemplate/VFX/NS_MenuLaser.uexp" 450
"C:/Users/conov/Desktop/VR/BrainLabsV2 5.6/Content/VRTemplate/Materials/M_VRCursor.uasset" 451
"C:/Users/conov/Desktop/VR/BrainLabsV2 5.6/Content/VRTemplate/Materials/M_VRCursor.uexp" 452
"C:/Users/conov/Desktop/VR/BrainLabsV2 5.6/Content/VRTemplate/Input/Actions/IA_Menu_Cursor_Left.uasset" 453
"C:/Users/conov/Desktop/VR/BrainLabsV2 5.6/Content/VRTemplate/Input/Actions/IA_Menu_Cursor_Left.uexp" 454
"C:/Users/conov/Desktop/VR/BrainLabsV2 5.6/Content/VRTemplate/Input/Actions/IA_Menu_Cursor_Right.uasset" 455
"C:/Users/conov/Desktop/VR/BrainLabsV2 5.6/Content/VRTemplate/Input/Actions/IA_Menu_Cursor_Right.uexp" 456
"C:/Users/conov/Desktop/VR/BrainLabsV2 5.6/Content/VRTemplate/Input/Actions/IA_Menu_Interact_Left.uasset" 457
"C:/Users/conov/Desktop/VR/BrainLabsV2 5.6/Content/VRTemplate/Input/Actions/IA_Menu_Interact_Left.uexp" 458
"C:/Users/conov/Desktop/VR/BrainLabsV2 5.6/Content/VRTemplate/Input/Actions/IA_Menu_Interact_Right.uasset" 459
"C:/Users/conov/Desktop/VR/BrainLabsV2 5.6/Content/VRTemplate/Input/Actions/IA_Menu_Interact_Right.uexp" 460
"C:/Users/conov/Desktop/VR/BrainLabsV2 5.6/Content/VRTemplate/Input/IMC_Menu.uasset" 461
"C:/Users/conov/Desktop/VR/BrainLabsV2 5.6/Content/VRTemplate/Input/IMC_Menu.uexp" 462
"C:/Users/conov/Desktop/VR/BrainLabsV2 5.6/Content/VRTemplate/Blueprints/WidgetMenu.uasset" 463
"C:/Users/conov/Desktop/VR/BrainLabsV2 5.6/Content/VRTemplate/Blueprints/WidgetMenu.uexp" 464
"C:/Users/conov/Desktop/VR/BrainLabsV2 5.6/Content/VRTemplate/Blueprints/Menu.uasset" 465
"C:/Users/conov/Desktop/VR/BrainLabsV2 5.6/Content/VRTemplate/Blueprints/Menu.uexp" 466
"C:/Users/conov/Desktop/VR/BrainLabsV2 5.6/Content/Characters/MannequinsXR/Meshes/SKM_MannyXR_right.uasset" 467
"C:/Users/conov/Desktop/VR/BrainLabsV2 5.6/Content/Characters/MannequinsXR/Meshes/SKM_MannyXR_right.uexp" 468
"C:/Users/conov/Desktop/VR/BrainLabsV2 5.6/Content/VRTemplate/Blueprints/VRPawn.uasset" 469
"C:/Users/conov/Desktop/VR/BrainLabsV2 5.6/Content/VRTemplate/Blueprints/VRPawn.uexp" 470
"C:/Users/conov/Desktop/VR/BrainLabsV2 5.6/Content/VRTemplate/Blueprints/VRGameMode.uasset" 471
"C:/Users/conov/Desktop/VR/BrainLabsV2 5.6/Content/VRTemplate/Blueprints/VRGameMode.uexp" 472
"../../../Engine/Content/Functions/Engine_MaterialFunctions01/Shading/PowerToRoughness.uasset" 473
"../../../Engine/Content/Functions/Engine_MaterialFunctions01/Shading/PowerToRoughness.uexp" 474
"../../../Engine/Content/Functions/Engine_MaterialFunctions01/Shading/ConvertFromDiffSpec.uasset" 475
"../../../Engine/Content/Functions/Engine_MaterialFunctions01/Shading/ConvertFromDiffSpec.uexp" 476
"../../../Engine/Content/EditorMaterials/Dataflow/DataflowTwoSidedVertexMaterial.uasset" 477
"../../../Engine/Content/EditorMaterials/Dataflow/DataflowTwoSidedVertexMaterial.uexp" 478
"../../../Engine/Content/EditorMaterials/Dataflow/DataflowVertexMaterial.uasset" 479
"../../../Engine/Content/EditorMaterials/Dataflow/DataflowVertexMaterial.uexp" 480
"../../../Engine/Plugins/Animation/ControlRig/Content/Controls/ControlRigGizmoMaterial.uasset" 481
"../../../Engine/Plugins/Animation/ControlRig/Content/Controls/ControlRigGizmoMaterial.uexp" 482
"../../../Engine/Plugins/Animation/ControlRig/Content/Controls/ControlRigXRayMaterial.uasset" 483
"../../../Engine/Plugins/Animation/ControlRig/Content/Controls/ControlRigXRayMaterial.uexp" 484
"../../../Engine/Content/Functions/Engine_MaterialFunctions02/Utility/VectorLength.uasset" 485
"../../../Engine/Content/Functions/Engine_MaterialFunctions02/Utility/VectorLength.uexp" 486
"../../../Engine/Content/Functions/Engine_MaterialFunctions02/Utility/BreakOutFloat3Components.uasset" 487
"../../../Engine/Content/Functions/Engine_MaterialFunctions02/Utility/BreakOutFloat3Components.uexp" 488
"../../../Engine/Content/Functions/Engine_MaterialFunctions02/WorldPositionOffset/ObjectScale.uasset" 489
"../../../Engine/Content/Functions/Engine_MaterialFunctions02/WorldPositionOffset/ObjectScale.uexp" 490
"../../../Engine/Content/Functions/Engine_MaterialFunctions02/SafeNormalize.uasset" 491
"../../../Engine/Content/Functions/Engine_MaterialFunctions02/SafeNormalize.uexp" 492
"../../../Engine/Plugins/Editor/SpeedTreeImporter/Content/SpeedTree9/UnpackInteger3.uasset" 493
"../../../Engine/Plugins/Editor/SpeedTreeImporter/Content/SpeedTree9/UnpackInteger3.uexp" 494
"../../../Engine/Plugins/Editor/SpeedTreeImporter/Content/SpeedTree9/UnpackDirection.uasset" 495
"../../../Engine/Plugins/Editor/SpeedTreeImporter/Content/SpeedTree9/UnpackDirection.uexp" 496
"../../../Engine/Plugins/Editor/SpeedTreeImporter/Content/SpeedTree9/game_wind_noise.ubulk" 497
"../../../Engine/Plugins/Editor/SpeedTreeImporter/Content/SpeedTree9/game_wind_noise.uasset" 498
"../../../Engine/Plugins/Editor/SpeedTreeImporter/Content/SpeedTree9/game_wind_noise.uexp" 499
"../../../Engine/Plugins/Editor/SpeedTreeImporter/Content/SpeedTree9/SpeedTreeWindMotion.uasset" 500
"../../../Engine/Plugins/Editor/SpeedTreeImporter/Content/SpeedTree9/SpeedTreeWindMotion.uexp" 501
"../../../Engine/Plugins/Editor/SpeedTreeImporter/Content/SpeedTree9/SpeedTreeBranchMotion.uasset" 502
"../../../Engine/Plugins/Editor/SpeedTreeImporter/Content/SpeedTree9/SpeedTreeBranchMotion.uexp" 503
"../../../Engine/Content/Functions/Engine_MaterialFunctions02/ObjectLocalBounds.uasset" 504
"../../../Engine/Content/Functions/Engine_MaterialFunctions02/ObjectLocalBounds.uexp" 505
"../../../Engine/Content/Functions/Engine_MaterialFunctions02/UVs/BoundingBoxBased_0-1_UVW.uasset" 506
"../../../Engine/Content/Functions/Engine_MaterialFunctions02/UVs/BoundingBoxBased_0-1_UVW.uexp" 507
"../../../Engine/Plugins/Editor/SpeedTreeImporter/Content/SpeedTree9/SpeedTreeWind.uasset" 508
"../../../Engine/Plugins/Editor/SpeedTreeImporter/Content/SpeedTree9/SpeedTreeWind.uexp" 509
"../../../Engine/Plugins/Editor/SpeedTreeImporter/Content/SpeedTree9/EmptyNormal.uasset" 510
"../../../Engine/Plugins/Editor/SpeedTreeImporter/Content/SpeedTree9/EmptyNormal.uexp" 511
"../../../Engine/Plugins/Editor/SpeedTreeImporter/Content/SpeedTree9/Empty.uasset" 512
"../../../Engine/Plugins/Editor/SpeedTreeImporter/Content/SpeedTree9/Empty.uexp" 513
"../../../Engine/Plugins/Editor/SpeedTreeImporter/Content/SpeedTree9/SpeedTreeBillboard.uasset" 514
"../../../Engine/Plugins/Editor/SpeedTreeImporter/Content/SpeedTree9/SpeedTreeBillboard.uexp" 515
"../../../Engine/Plugins/Editor/SpeedTreeImporter/Content/SpeedTree9/SpeedTreeBillboardMaster.uasset" 516
"../../../Engine/Plugins/Editor/SpeedTreeImporter/Content/SpeedTree9/SpeedTreeBillboardMaster.uexp" 517
"../../../Engine/Plugins/Editor/SpeedTreeImporter/Content/SpeedTree9/SpeedTreeCameraFacing.uasset" 518
"../../../Engine/Plugins/Editor/SpeedTreeImporter/Content/SpeedTree9/SpeedTreeCameraFacing.uexp" 519
"../../../Engine/Plugins/Editor/SpeedTreeImporter/Content/SpeedTree9/SpeedTreeMaster.uasset" 520
"../../../Engine/Plugins/Editor/SpeedTreeImporter/Content/SpeedTree9/SpeedTreeMaster.uexp" 521
"../../../Engine/Plugins/Interchange/Assets/Content/Functions/MX_AbsorptionVDF.uasset" 522
"../../../Engine/Plugins/Interchange/Assets/Content/Functions/MX_AbsorptionVDF.uexp" 523
"../../../Engine/Plugins/Interchange/Assets/Content/Functions/MX_AnisotropicVDF.uasset" 524
"../../../Engine/Plugins/Interchange/Assets/Content/Functions/MX_AnisotropicVDF.uexp" 525
"../../../Engine/Plugins/Interchange/Assets/Content/Functions/MX_BurleyDiffuseBSDF.uasset" 526
"../../../Engine/Plugins/Interchange/Assets/Content/Functions/MX_BurleyDiffuseBSDF.uexp" 527
"../../../Engine/Plugins/Interchange/Assets/Content/Functions/MX_ConductorBSDF.uasset" 528
"../../../Engine/Plugins/Interchange/Assets/Content/Functions/MX_ConductorBSDF.uexp" 529
"../../../Engine/Plugins/Interchange/Assets/Content/Functions/MX_ConicalEDF.uasset" 530
"../../../Engine/Plugins/Interchange/Assets/Content/Functions/MX_ConicalEDF.uexp" 531
"../../../Engine/Plugins/Interchange/Assets/Content/Functions/MX_DielectricBSDF.uasset" 532
"../../../Engine/Plugins/Interchange/Assets/Content/Functions/MX_DielectricBSDF.uexp" 533
"../../../Engine/Content/Functions/Engine_MaterialFunctions02/Utility/BlendAngleCorrectedNormals.uasset" 534
"../../../Engine/Content/Functions/Engine_MaterialFunctions02/Utility/BlendAngleCorrectedNormals.uexp" 535
"../../../Engine/Plugins/Interchange/Assets/Content/Functions/MX_Displacement.uasset" 536
"../../../Engine/Plugins/Interchange/Assets/Content/Functions/MX_Displacement.uexp" 537
"../../../Engine/Plugins/Interchange/Assets/Content/Functions/MX_GeneralizedSchlickBSDF.uasset" 538
"../../../Engine/Plugins/Interchange/Assets/Content/Functions/MX_GeneralizedSchlickBSDF.uexp" 539
"../../../Engine/Plugins/Interchange/Assets/Content/Functions/MX_MeasuredEDF.uasset" 540
"../../../Engine/Plugins/Interchange/Assets/Content/Functions/MX_MeasuredEDF.uexp" 541
"../../../Engine/Plugins/Interchange/Assets/Content/Functions/MF_IridescenceNoLUT.uasset" 542
"../../../Engine/Plugins/Interchange/Assets/Content/Functions/MF_IridescenceNoLUT.uexp" 543
"../../../Engine/Plugins/Interchange/Assets/Content/Functions/MX_StandardSurface.uasset" 544
"../../../Engine/Plugins/Interchange/Assets/Content/Functions/MX_StandardSurface.uexp" 545
"../../../Engine/Plugins/Interchange/Assets/Content/Functions/MX_OpenPBR_Opaque.uasset" 546
"../../../Engine/Plugins/Interchange/Assets/Content/Functions/MX_OpenPBR_Opaque.uexp" 547
"../../../Engine/Plugins/Interchange/Assets/Content/Functions/MX_TransmissionSurface.uasset" 548
"../../../Engine/Plugins/Interchange/Assets/Content/Functions/MX_TransmissionSurface.uexp" 549
"../../../Engine/Plugins/Interchange/Assets/Content/Functions/MX_OpenPBR_Translucent.uasset" 550
"../../../Engine/Plugins/Interchange/Assets/Content/Functions/MX_OpenPBR_Translucent.uexp" 551
"../../../Engine/Plugins/Interchange/Assets/Content/Functions/MX_OrenNayarBSDF.uasset" 552
"../../../Engine/Plugins/Interchange/Assets/Content/Functions/MX_OrenNayarBSDF.uexp" 553
"../../../Engine/Plugins/Interchange/Assets/Content/Functions/MX_SheenBSDF.uasset" 554
"../../../Engine/Plugins/Interchange/Assets/Content/Functions/MX_SheenBSDF.uexp" 555
"../../../Engine/Plugins/Interchange/Assets/Content/Functions/MX_SubsurfaceBSDF.uasset" 556
"../../../Engine/Plugins/Interchange/Assets/Content/Functions/MX_SubsurfaceBSDF.uexp" 557
"../../../Engine/Plugins/Interchange/Assets/Content/Functions/MX_Surface.uasset" 558
"../../../Engine/Plugins/Interchange/Assets/Content/Functions/MX_Surface.uexp" 559
"../../../Engine/Plugins/Interchange/Assets/Content/Functions/MX_SurfaceUnlit.uasset" 560
"../../../Engine/Plugins/Interchange/Assets/Content/Functions/MX_SurfaceUnlit.uexp" 561
"../../../Engine/Plugins/Interchange/Assets/Content/Functions/MX_ThinFilmBSDF.uasset" 562
"../../../Engine/Plugins/Interchange/Assets/Content/Functions/MX_ThinFilmBSDF.uexp" 563
"../../../Engine/Plugins/Interchange/Assets/Content/Functions/MX_TranslucentBSDF.uasset" 564
"../../../Engine/Plugins/Interchange/Assets/Content/Functions/MX_TranslucentBSDF.uexp" 565
"../../../Engine/Plugins/Interchange/Assets/Content/Functions/MX_UniformEDF.uasset" 566
"../../../Engine/Plugins/Interchange/Assets/Content/Functions/MX_UniformEDF.uexp" 567
"../../../Engine/Plugins/Interchange/Assets/Content/Functions/MX_UsdPreviewSurface.uasset" 568
"../../../Engine/Plugins/Interchange/Assets/Content/Functions/MX_UsdPreviewSurface.uexp" 569
"../../../Engine/Plugins/Runtime/HairStrands/Content/Materials/HairCardsDefaultMaterial.uasset" 570
"../../../Engine/Plugins/Runtime/HairStrands/Content/Materials/HairCardsDefaultMaterial.uexp" 571
"../../../Engine/Content/Functions/Engine_MaterialFunctions02/Utility/MakeFloat2.uasset" 572
"../../../Engine/Content/Functions/Engine_MaterialFunctions02/Utility/MakeFloat2.uexp" 573
"../../../Engine/Content/Functions/Engine_MaterialFunctions02/Utility/MakeFloat3.uasset" 574
"../../../Engine/Content/Functions/Engine_MaterialFunctions02/Utility/MakeFloat3.uexp" 575
"../../../Engine/Content/EngineMaterials/HairDebugColor.uasset" 576
"../../../Engine/Content/EngineMaterials/HairDebugColor.uexp" 577
"../../../Engine/Content/EngineMaterials/HairColorMap.uasset" 578
"../../../Engine/Content/EngineMaterials/HairColorMap.uexp" 579
"../../../Engine/Plugins/Runtime/HairStrands/Content/Materials/HairGroupColors.uasset" 580
"../../../Engine/Plugins/Runtime/HairStrands/Content/Materials/HairGroupColors.uexp" 581
"../../../Engine/Plugins/Runtime/HairStrands/Content/Materials/HairDebugMaterial.uasset" 582
"../../../Engine/Plugins/Runtime/HairStrands/Content/Materials/HairDebugMaterial.uexp" 583
"../../../Engine/Plugins/Runtime/HairStrands/Content/Materials/HairDefaultMaterial.uasset" 584
"../../../Engine/Plugins/Runtime/HairStrands/Content/Materials/HairDefaultMaterial.uexp" 585
"../../../Engine/Plugins/Runtime/HairStrands/Content/Materials/HairMeshesDefaultMaterial.uasset" 586
"../../../Engine/Plugins/Runtime/HairStrands/Content/Materials/HairMeshesDefaultMaterial.uexp" 587
"../../../Engine/Plugins/VirtualProduction/CameraCalibrationCore/Content/Materials/M_DefaultEvenSquare.uasset" 588
"../../../Engine/Plugins/VirtualProduction/CameraCalibrationCore/Content/Materials/M_DefaultEvenSquare.uexp" 589
"../../../Engine/Plugins/VirtualProduction/CameraCalibrationCore/Content/Materials/M_DefaultOddSquare.uasset" 590
"../../../Engine/Plugins/VirtualProduction/CameraCalibrationCore/Content/Materials/M_DefaultOddSquare.uexp" 591
"../../../Engine/Content/EngineDebugMaterials/DebugEditorMaterial.uasset" 592
"../../../Engine/Content/EngineDebugMaterials/DebugEditorMaterial.uexp" 593
"../../../Engine/Content/EngineDebugMaterials/DebugMeshMaterial.uasset" 594
"../../../Engine/Content/EngineDebugMaterials/DebugMeshMaterial.uexp" 595
"../../../Engine/Content/EngineDebugMaterials/M_SimpleUnlitTranslucent.uasset" 596
"../../../Engine/Content/EngineDebugMaterials/M_SimpleUnlitTranslucent.uexp" 597
"../../../Engine/Content/EngineDebugMaterials/VolumeToRender.uasset" 598
"../../../Engine/Content/EngineDebugMaterials/VolumeToRender.uexp" 599
"../../../Engine/Content/EngineDebugMaterials/M_VolumeRenderSphereTracePP.uasset" 600
"../../../Engine/Content/EngineDebugMaterials/M_VolumeRenderSphereTracePP.uexp" 601
"../../../Engine/Content/EngineMaterials/DefaultDiffuse.ubulk" 602
"../../../Engine/Content/EngineMaterials/DefaultDiffuse.uasset" 603
"../../../Engine/Content/EngineMaterials/DefaultDiffuse.uexp" 604
"../../../Engine/Content/EngineMaterials/DefaultDeferredDecalMaterial.uasset" 605
"../../../Engine/Content/EngineMaterials/DefaultDeferredDecalMaterial.uexp" 606
"../../../Engine/Content/EngineMaterials/DefaultLightFunctionMaterial.uasset" 607
"../../../Engine/Content/EngineMaterials/DefaultLightFunctionMaterial.uexp" 608
"../../../Engine/Content/EngineMaterials/DefaultPostProcessMaterial.uasset" 609
"../../../Engine/Content/EngineMaterials/DefaultPostProcessMaterial.uexp" 610
"../../../Engine/Content/EngineMaterials/DefaultTextMaterialOpaque.uasset" 611
"../../../Engine/Content/EngineMaterials/DefaultTextMaterialOpaque.uexp" 612
"../../../Engine/Content/EngineMaterials/DefaultWhiteGrid_Low.uasset" 613
"../../../Engine/Content/EngineMaterials/DefaultWhiteGrid_Low.uexp" 614
"../../../Engine/Content/EngineMaterials/EmissiveMeshMaterial.uasset" 615
"../../../Engine/Content/EngineMaterials/EmissiveMeshMaterial.uexp" 616
"../../../Engine/Content/EngineMaterials/BaseFlattenNormalMap.uasset" 617
"../../../Engine/Content/EngineMaterials/BaseFlattenNormalMap.uexp" 618
"../../../Engine/Content/EngineMaterials/BaseFlattenDiffuseMap.uasset" 619
"../../../Engine/Content/EngineMaterials/BaseFlattenDiffuseMap.uexp" 620
"../../../Engine/Content/EngineMaterials/BaseFlattenEmissiveMap.uasset" 621
"../../../Engine/Content/EngineMaterials/BaseFlattenEmissiveMap.uexp" 622
"../../../Engine/Content/EngineMaterials/BaseFlattenGrayscaleMap.uasset" 623
"../../../Engine/Content/EngineMaterials/BaseFlattenGrayscaleMap.uexp" 624
"../../../Engine/Content/EngineMaterials/BaseFlattenLinearColor.uasset" 625
"../../../Engine/Content/EngineMaterials/BaseFlattenLinearColor.uexp" 626
"../../../Engine/Content/Functions/Engine_MaterialFunctions02/PivotPainter2/Black_1x1_EXR_Texture.uasset" 627
"../../../Engine/Content/Functions/Engine_MaterialFunctions02/PivotPainter2/Black_1x1_EXR_Texture.uexp" 628
"../../../Engine/Content/EngineMaterials/FlattenMaterial.uasset" 629
"../../../Engine/Content/EngineMaterials/FlattenMaterial.uexp" 630
"../../../Engine/Content/EngineMaterials/Black_1x1_EXR_Texture_VT.uasset" 631
"../../../Engine/Content/EngineMaterials/Black_1x1_EXR_Texture_VT.uexp" 632
"../../../Engine/Content/EngineMaterials/BaseFlattenNormalMap_VT.uasset" 633
"../../../Engine/Content/EngineMaterials/BaseFlattenNormalMap_VT.uexp" 634
"../../../Engine/Content/EngineMaterials/BaseFlattenLinearColor_VT.uasset" 635
"../../../Engine/Content/EngineMaterials/BaseFlattenLinearColor_VT.uexp" 636
"../../../Engine/Content/EngineMaterials/BaseFlattenDiffuseMap_VT.uasset" 637
"../../../Engine/Content/EngineMaterials/BaseFlattenDiffuseMap_VT.uexp" 638
"../../../Engine/Content/EngineMaterials/BaseFlattenEmissiveMap_VT.uasset" 639
"../../../Engine/Content/EngineMaterials/BaseFlattenEmissiveMap_VT.uexp" 640
"../../../Engine/Content/EngineMaterials/BaseFlattenGrayscaleMap_VT.uasset" 641
"../../../Engine/Content/EngineMaterials/BaseFlattenGrayscaleMap_VT.uexp" 642
"../../../Engine/Content/EngineMaterials/FlattenMaterial_VT.uasset" 643
"../../../Engine/Content/EngineMaterials/FlattenMaterial_VT.uexp" 644
"../../../Engine/Content/EngineMaterials/FlattenMaterial_WS_Normal_VT.uasset" 645
"../../../Engine/Content/EngineMaterials/FlattenMaterial_WS_Normal_VT.uexp" 646
"../../../Engine/Content/EngineMaterials/GizmoMaterial.uasset" 647
"../../../Engine/Content/EngineMaterials/GizmoMaterial.uexp" 648
"../../../Engine/Content/EngineMaterials/InvalidLightmapSettings.ubulk" 649
"../../../Engine/Content/EngineMaterials/InvalidLightmapSettings.uasset" 650
"../../../Engine/Content/EngineMaterials/InvalidLightmapSettings.uexp" 651
"../../../Engine/Content/EngineMaterials/M_InvalidLightmapSettings.uasset" 652
"../../../Engine/Content/EngineMaterials/M_InvalidLightmapSettings.uexp" 653
"../../../Engine/Content/EngineMaterials/NaniteHiddenSectionMaterial.uasset" 654
"../../../Engine/Content/EngineMaterials/NaniteHiddenSectionMaterial.uexp" 655
"../../../Engine/Content/Functions/Engine_MaterialFunctions02/WorldPositionOffset/CameraOffset.uasset" 656
"../../../Engine/Content/Functions/Engine_MaterialFunctions02/WorldPositionOffset/CameraOffset.uexp" 657
"../../../Engine/Content/EngineMaterials/PhAT_JointLimitMaterial.uasset" 658
"../../../Engine/Content/EngineMaterials/PhAT_JointLimitMaterial.uexp" 659
"../../../Engine/Content/EngineMaterials/DefaultCalibrationColor.uasset" 660
"../../../Engine/Content/EngineMaterials/DefaultCalibrationColor.uexp" 661
"../../../Engine/Content/EngineMaterials/PPM_DefaultCalibrationColor.uasset" 662
"../../../Engine/Content/EngineMaterials/PPM_DefaultCalibrationColor.uexp" 663
"../../../Engine/Content/EngineMaterials/DefaultCalibrationGrayscale.uasset" 664
"../../../Engine/Content/EngineMaterials/DefaultCalibrationGrayscale.uexp" 665
"../../../Engine/Content/EngineMaterials/PPM_DefaultCalibrationGrayscale.uasset" 666
"../../../Engine/Content/EngineMaterials/PPM_DefaultCalibrationGrayscale.uexp" 667
"../../../Engine/Content/EngineMaterials/RemoveSurfaceMaterial.uasset" 668
"../../../Engine/Content/EngineMaterials/RemoveSurfaceMaterial.uexp" 669
"../../../Engine/Content/EditorLandscapeResources/DefaultAlphaTexture.uasset" 670
"../../../Engine/Content/EditorLandscapeResources/DefaultAlphaTexture.uexp" 671
"../../../Engine/Content/EditorLandscapeResources/LandscapeDirtyMaterial.uasset" 672
"../../../Engine/Content/EditorLandscapeResources/LandscapeDirtyMaterial.uexp" 673
"../../../Engine/Content/Functions/Engine_MaterialFunctions02/WorldPositionOffset/LocalPosition.uasset" 674
"../../../Engine/Content/Functions/Engine_MaterialFunctions02/WorldPositionOffset/LocalPosition.uexp" 675
"../../../Engine/Content/Functions/Engine_MaterialFunctions01/Texturing/TextureCropping.uasset" 676
"../../../Engine/Content/Functions/Engine_MaterialFunctions01/Texturing/TextureCropping.uexp" 677
"../../../Engine/Content/Functions/Engine_MaterialFunctions02/ExampleContent/DebugNumberStrip.uasset" 678
"../../../Engine/Content/Functions/Engine_MaterialFunctions02/ExampleContent/DebugNumberStrip.uexp" 679
"../../../Engine/Content/Functions/Engine_MaterialFunctions01/Debug/DebugIntValues.uasset" 680
"../../../Engine/Content/Functions/Engine_MaterialFunctions01/Debug/DebugIntValues.uexp" 681
"../../../Engine/Content/EditorLandscapeResources/LandscapeLayerUsageMaterial.uasset" 682
"../../../Engine/Content/EditorLandscapeResources/LandscapeLayerUsageMaterial.uexp" 683
"../../../Engine/Content/EditorLandscapeResources/WhiteSquareTexture.uasset" 684
"../../../Engine/Content/EditorLandscapeResources/WhiteSquareTexture.uexp" 685
"../../../Engine/Content/EditorLandscapeResources/LayerVisMaterial.uasset" 686
"../../../Engine/Content/EditorLandscapeResources/LayerVisMaterial.uexp" 687
"../../../Engine/Content/EditorMaterials/PhAT_NoCollisionMaterial.uasset" 688
"../../../Engine/Content/EditorMaterials/PhAT_NoCollisionMaterial.uexp" 689
"../../../Engine/Content/EditorMaterials/PhAT_UnselectedMaterial.uasset" 690
"../../../Engine/Content/EditorMaterials/PhAT_UnselectedMaterial.uexp" 691
"../../../Engine/Content/EditorMaterials/PreviewShadowIndicator.ubulk" 692
"../../../Engine/Content/EditorMaterials/PreviewShadowIndicator.uasset" 693
"../../../Engine/Content/EditorMaterials/PreviewShadowIndicator.uexp" 694
"../../../Engine/Content/EditorMaterials/PreviewShadowIndicatorMaterial.uasset" 695
"../../../Engine/Content/EditorMaterials/PreviewShadowIndicatorMaterial.uexp" 696
"../../../Engine/Plugins/Animation/ControlRig/Content/M_Manip.uasset" 697
"../../../Engine/Plugins/Animation/ControlRig/Content/M_Manip.uexp" 698
"../../../Engine/Content/EngineMeshes/Sphere.ubulk" 699
"../../../Engine/Content/EngineMeshes/Sphere.uasset" 700
"../../../Engine/Content/EngineMeshes/Sphere.uexp" 701
"../../../Engine/Content/EngineResources/DefaultTextureCube.uasset" 702
"../../../Engine/Content/EngineResources/DefaultTextureCube.uexp" 703
"../../../Engine/Content/EngineResources/DefaultVolumeTexture2D.uasset" 704
"../../../Engine/Content/EngineResources/DefaultVolumeTexture2D.uexp" 705
"../../../Engine/Content/EngineResources/DefaultVolumeTexture.uasset" 706
"../../../Engine/Content/EngineResources/DefaultVolumeTexture.uexp" 707
"../../../Engine/Content/VREditor/TransformGizmo/Xray.uasset" 708
"../../../Engine/Content/VREditor/TransformGizmo/Xray.uexp" 709
"../../../Engine/Content/VREditor/TransformGizmo/Main.uasset" 710
"../../../Engine/Content/VREditor/TransformGizmo/Main.uexp" 711
"../../../Engine/Content/VREditor/TransformGizmo/SM_Sequencer_Node.ubulk" 712
"../../../Engine/Content/VREditor/TransformGizmo/SM_Sequencer_Node.uasset" 713
"../../../Engine/Content/VREditor/TransformGizmo/SM_Sequencer_Node.uexp" 714
"../../../Engine/Content/EditorMaterials/Camera/CineMat.uasset" 715
"../../../Engine/Content/EditorMaterials/Camera/CineMat.uexp" 716
"../../../Engine/Content/EditorMaterials/Camera/MI_CineMat_Rig.uasset" 717
"../../../Engine/Content/EditorMaterials/Camera/MI_CineMat_Rig.uexp" 718
"../../../Engine/Content/EditorMeshes/Camera/SM_CraneRig_Base.ubulk" 719
"../../../Engine/Content/EditorMeshes/Camera/SM_CraneRig_Base.uasset" 720
"../../../Engine/Content/EditorMeshes/Camera/SM_CraneRig_Base.uexp" 721
"../../../Engine/Content/EditorMeshes/Camera/SM_CraneRig_Arm.ubulk" 722
"../../../Engine/Content/EditorMeshes/Camera/SM_CraneRig_Arm.uasset" 723
"../../../Engine/Content/EditorMeshes/Camera/SM_CraneRig_Arm.uexp" 724
"../../../Engine/Content/EditorMeshes/Camera/SM_CraneRig_Mount.ubulk" 725
"../../../Engine/Content/EditorMeshes/Camera/SM_CraneRig_Mount.uasset" 726
"../../../Engine/Content/EditorMeshes/Camera/SM_CraneRig_Mount.uexp" 727
"../../../Engine/Content/EditorMeshes/Camera/SM_CraneRig_Body.ubulk" 728
"../../../Engine/Content/EditorMeshes/Camera/SM_CraneRig_Body.uasset" 729
"../../../Engine/Content/EditorMeshes/Camera/SM_CraneRig_Body.uexp" 730
"../../../Engine/Content/EditorMeshes/Camera/SM_RailRig_Track.ubulk" 731
"../../../Engine/Content/EditorMeshes/Camera/SM_RailRig_Track.uasset" 732
"../../../Engine/Content/EditorMeshes/Camera/SM_RailRig_Track.uexp" 733
"../../../Engine/Content/EditorMeshes/Camera/SM_RailRig_Mount.ubulk" 734
"../../../Engine/Content/EditorMeshes/Camera/SM_RailRig_Mount.uasset" 735
"../../../Engine/Content/EditorMeshes/Camera/SM_RailRig_Mount.uexp" 736
"../../../Engine/Plugins/2D/Paper2D/Content/DefaultSpriteMaterial.uasset" 737
"../../../Engine/Plugins/2D/Paper2D/Content/DefaultSpriteMaterial.uexp" 738
"../../../Engine/Plugins/2D/Paper2D/Content/OpaqueUnlitSpriteMaterial.uasset" 739
"../../../Engine/Plugins/2D/Paper2D/Content/OpaqueUnlitSpriteMaterial.uexp" 740
"../../../Engine/Plugins/2D/Paper2D/Content/MaskedUnlitSpriteMaterial.uasset" 741
"../../../Engine/Plugins/2D/Paper2D/Content/MaskedUnlitSpriteMaterial.uexp" 742
"../../../Engine/Plugins/Media/MediaPlate/Content/SM_MediaPlateScreen.ubulk" 743
"../../../Engine/Plugins/Media/MediaPlate/Content/SM_MediaPlateScreen.uasset" 744
"../../../Engine/Plugins/Media/MediaPlate/Content/SM_MediaPlateScreen.uexp" 745
"../../../Engine/Content/BasicShapes/Cone.ubulk" 746
"../../../Engine/Content/BasicShapes/Cone.uasset" 747
"../../../Engine/Content/BasicShapes/Cone.uexp" 748
"../../../Engine/Content/EditorLandscapeResources/SplineEditorMeshMat.uasset" 749
"../../../Engine/Content/EditorLandscapeResources/SplineEditorMeshMat.uexp" 750
"../../../Engine/Content/EditorLandscapeResources/SplineEditorMesh.ubulk" 751
"../../../Engine/Content/EditorLandscapeResources/SplineEditorMesh.uasset" 752
"../../../Engine/Content/EditorLandscapeResources/SplineEditorMesh.uexp" 753
"../../../Engine/Content/Functions/Engine_MaterialFunctions03/Math/WithinRangeFloat2.uasset" 754
"../../../Engine/Content/Functions/Engine_MaterialFunctions03/Math/WithinRangeFloat2.uexp" 755
"../../../Engine/Content/EditorLandscapeResources/SelectBrushMaterial.uasset" 756
"../../../Engine/Content/EditorLandscapeResources/SelectBrushMaterial.uexp" 757
"../../../Engine/Content/EditorLandscapeResources/SelectBrushMaterial_SelectedRegion.uasset" 758
"../../../Engine/Content/EditorLandscapeResources/SelectBrushMaterial_SelectedRegion.uexp" 759
"../../../Engine/Content/EditorLandscapeResources/SelectBrushMaterial_Selected.uasset" 760
"../../../Engine/Content/EditorLandscapeResources/SelectBrushMaterial_Selected.uexp" 761
"../../../Engine/Content/EditorLandscapeResources/MaskBrushMaterial.uasset" 762
"../../../Engine/Content/EditorLandscapeResources/MaskBrushMaterial.uexp" 763
"../../../Engine/Content/EditorLandscapeResources/MaskBrushMaterial_MaskedRegion.uasset" 764
"../../../Engine/Content/EditorLandscapeResources/MaskBrushMaterial_MaskedRegion.uexp" 765
"../../../Engine/Content/EditorLandscapeResources/ColorMaskBrushMaterial.uasset" 766
"../../../Engine/Content/EditorLandscapeResources/ColorMaskBrushMaterial.uexp" 767
"../../../Engine/Content/EditorLandscapeResources/ColorMaskBrushMaterial_MaskedRegion.uasset" 768
"../../../Engine/Content/EditorLandscapeResources/ColorMaskBrushMaterial_MaskedRegion.uexp" 769
"../../../Engine/Content/VREditor/TransformGizmo/TranslucentTransformGizmoMaterial.uasset" 770
"../../../Engine/Content/VREditor/TransformGizmo/TranslucentTransformGizmoMaterial.uexp" 771
"../../../Engine/Content/VREditor/TransformGizmo/TranslucentTransformGizmoMaterial_Inst.uasset" 772
"../../../Engine/Content/VREditor/TransformGizmo/TranslucentTransformGizmoMaterial_Inst.uexp" 773
"../../../Engine/Content/VREditor/LaserPointer/VR_LaserPower_01.ubulk" 774
"../../../Engine/Content/VREditor/LaserPointer/VR_LaserPower_01.uasset" 775
"../../../Engine/Content/VREditor/LaserPointer/VR_LaserPower_01.uexp" 776
"../../../Engine/Content/VREditor/TransformGizmo/TransformGizmoMaterial.uasset" 777
"../../../Engine/Content/VREditor/TransformGizmo/TransformGizmoMaterial.uexp" 778
"../../../Engine/Content/VREditor/TransformGizmo/TransformGizmoMaterial_Inst.uasset" 779
"../../../Engine/Content/VREditor/TransformGizmo/TransformGizmoMaterial_Inst.uexp" 780
"../../../Engine/Content/VREditor/Sounds/UI/Drop_Item_From_ContentBrowser.ubulk" 781
"../../../Engine/Content/VREditor/Sounds/UI/Drop_Item_From_ContentBrowser.uasset" 782
"../../../Engine/Content/VREditor/Sounds/UI/Drop_Item_From_ContentBrowser.uexp" 783
"../../../Engine/Content/VREditor/TransformGizmo/UniformScaleHandle.ubulk" 784
"../../../Engine/Content/VREditor/TransformGizmo/UniformScaleHandle.uasset" 785
"../../../Engine/Content/VREditor/TransformGizmo/UniformScaleHandle.uexp" 786
"../../../Engine/Content/VREditor/TransformGizmo/TranslateArrowHandle.ubulk" 787
"../../../Engine/Content/VREditor/TransformGizmo/TranslateArrowHandle.uasset" 788
"../../../Engine/Content/VREditor/TransformGizmo/TranslateArrowHandle.uexp" 789
"../../../Engine/Content/VREditor/TransformGizmo/TransformGizmoFreeRotation.ubulk" 790
"../../../Engine/Content/VREditor/TransformGizmo/TransformGizmoFreeRotation.uasset" 791
"../../../Engine/Content/VREditor/TransformGizmo/TransformGizmoFreeRotation.uexp" 792
"../../../Engine/Content/VREditor/TransformGizmo/StartRotationHandleIndicator.ubulk" 793
"../../../Engine/Content/VREditor/TransformGizmo/StartRotationHandleIndicator.uasset" 794
"../../../Engine/Content/VREditor/TransformGizmo/StartRotationHandleIndicator.uexp" 795
"../../../Engine/Content/Functions/Engine_MaterialFunctions02/Math/Transform3x3Matrix.uasset" 796
"../../../Engine/Content/Functions/Engine_MaterialFunctions02/Math/Transform3x3Matrix.uexp" 797
"../../../Engine/Content/Functions/Engine_MaterialFunctions02/SplitComponents.uasset" 798
"../../../Engine/Content/Functions/Engine_MaterialFunctions02/SplitComponents.uexp" 799
"../../../Engine/Content/VREditor/SnapGrid/SnapGridMaterial.uasset" 800
"../../../Engine/Content/VREditor/SnapGrid/SnapGridMaterial.uexp" 801
"../../../Engine/Content/VREditor/SnapGrid/SnapGridPlaneMesh.ubulk" 802
"../../../Engine/Content/VREditor/SnapGrid/SnapGridPlaneMesh.uasset" 803
"../../../Engine/Content/VREditor/SnapGrid/SnapGridPlaneMesh.uexp" 804
"../../../Engine/Content/VREditor/Sounds/UI/Gizmo_Handle_Clicked.ubulk" 805
"../../../Engine/Content/VREditor/Sounds/UI/Gizmo_Handle_Clicked.uasset" 806
"../../../Engine/Content/VREditor/Sounds/UI/Gizmo_Handle_Clicked.uexp" 807
"../../../Engine/Content/VREditor/Sounds/UI/Object_PickUp.ubulk" 808
"../../../Engine/Content/VREditor/Sounds/UI/Object_PickUp.uasset" 809
"../../../Engine/Content/VREditor/Sounds/UI/Object_PickUp.uexp" 810
"../../../Engine/Content/VREditor/Sounds/UI/Object_Snaps_To_Another_Actor.ubulk" 811
"../../../Engine/Content/VREditor/Sounds/UI/Object_Snaps_To_Another_Actor.uasset" 812
"../../../Engine/Content/VREditor/Sounds/UI/Object_Snaps_To_Another_Actor.uexp" 813
"../../../Engine/Content/VREditor/Sounds/UI/Object_Snaps_To_Grid.ubulk" 814
"../../../Engine/Content/VREditor/Sounds/UI/Object_Snaps_To_Grid.uasset" 815
"../../../Engine/Content/VREditor/Sounds/UI/Object_Snaps_To_Grid.uexp" 816
"../../../Engine/Content/VREditor/Sounds/UI/Scaling_Down.ubulk" 817
"../../../Engine/Content/VREditor/Sounds/UI/Scaling_Down.uasset" 818
"../../../Engine/Content/VREditor/Sounds/UI/Scaling_Down.uexp" 819
"../../../Engine/Content/VREditor/Sounds/UI/Scaling_Up.ubulk" 820
"../../../Engine/Content/VREditor/Sounds/UI/Scaling_Up.uasset" 821
"../../../Engine/Content/VREditor/Sounds/UI/Scaling_Up.uexp" 822
"../../../Engine/Content/VREditor/Sounds/UI/Selection_Changes.ubulk" 823
"../../../Engine/Content/VREditor/Sounds/UI/Selection_Changes.uasset" 824
"../../../Engine/Content/VREditor/Sounds/UI/Selection_Changes.uexp" 825
"../../../Engine/Content/VREditor/TransformGizmo/PlaneTranslationHandle.ubulk" 826
"../../../Engine/Content/VREditor/TransformGizmo/PlaneTranslationHandle.uasset" 827
"../../../Engine/Content/VREditor/TransformGizmo/PlaneTranslationHandle.uexp" 828
"../../../Engine/Content/VREditor/TransformGizmo/RotationHandleFull.ubulk" 829
"../../../Engine/Content/VREditor/TransformGizmo/RotationHandleFull.uasset" 830
"../../../Engine/Content/VREditor/TransformGizmo/RotationHandleFull.uexp" 831
"../../../Engine/Content/VREditor/TransformGizmo/RotationHandleIndicator.ubulk" 832
"../../../Engine/Content/VREditor/TransformGizmo/RotationHandleIndicator.uasset" 833
"../../../Engine/Content/VREditor/TransformGizmo/RotationHandleIndicator.uexp" 834
"../../../Engine/Content/VREditor/TransformGizmo/RotationHandleQuarter.ubulk" 835
"../../../Engine/Content/VREditor/TransformGizmo/RotationHandleQuarter.uasset" 836
"../../../Engine/Content/VREditor/TransformGizmo/RotationHandleQuarter.uexp" 837
"../../../Engine/Content/EngineResources/LandscapeVisibilityLayerInfo.uasset" 838
"../../../Engine/Content/EngineResources/LandscapeVisibilityLayerInfo.uexp" 839
"../../../Engine/Content/EngineResources/WhiteSquareTexture.uasset" 840
"../../../Engine/Content/EngineResources/WhiteSquareTexture.uexp" 841
"../../../Engine/Content/EngineMaterials/Widget3DPassThrough.uasset" 842
"../../../Engine/Content/EngineMaterials/Widget3DPassThrough.uexp" 843
"../../../Engine/Content/EngineMaterials/Widget3DPassThrough_Translucent.uasset" 844
"../../../Engine/Content/EngineMaterials/Widget3DPassThrough_Translucent.uexp" 845
"../../../Engine/Content/EngineMaterials/Widget3DPassThrough_Translucent_OneSided.uasset" 846
"../../../Engine/Content/EngineMaterials/Widget3DPassThrough_Translucent_OneSided.uexp" 847
"../../../Engine/Content/EngineMaterials/Widget3DPassThrough_Opaque.uasset" 848
"../../../Engine/Content/EngineMaterials/Widget3DPassThrough_Opaque.uexp" 849
"../../../Engine/Content/EngineMaterials/Widget3DPassThrough_Opaque_OneSided.uasset" 850
"../../../Engine/Content/EngineMaterials/Widget3DPassThrough_Opaque_OneSided.uexp" 851
"../../../Engine/Content/EngineMaterials/Widget3DPassThrough_Masked_OneSided.uasset" 852
"../../../Engine/Content/EngineMaterials/Widget3DPassThrough_Masked_OneSided.uexp" 853
"../../../Engine/Content/EngineMaterials/Widget3DPassThrough_Masked.uasset" 854
"../../../Engine/Content/EngineMaterials/Widget3DPassThrough_Masked.uexp" 855
"../../../Engine/Content/EngineMaterials/WeightMapPlaceholderTexture.uasset" 856
"../../../Engine/Content/EngineMaterials/WeightMapPlaceholderTexture.uexp" 857
"../../../Engine/Content/EngineMaterials/WeightMapArrayPlaceholderTexture.uasset" 858
"../../../Engine/Content/EngineMaterials/WeightMapArrayPlaceholderTexture.uexp" 859
"../../../Engine/Plugins/Animation/ControlRig/Content/Controls/ControlRig_Wedge_solid.ubulk" 860
"../../../Engine/Plugins/Animation/ControlRig/Content/Controls/ControlRig_Wedge_solid.uasset" 861
"../../../Engine/Plugins/Animation/ControlRig/Content/Controls/ControlRig_Wedge_solid.uexp" 862
"../../../Engine/Plugins/Animation/ControlRig/Content/Controls/ControlRig_Wedge_3mm.ubulk" 863
"../../../Engine/Plugins/Animation/ControlRig/Content/Controls/ControlRig_Wedge_3mm.uasset" 864
"../../../Engine/Plugins/Animation/ControlRig/Content/Controls/ControlRig_Wedge_3mm.uexp" 865
"../../../Engine/Plugins/Animation/ControlRig/Content/Controls/ControlRig_Wedge_1mm.ubulk" 866
"../../../Engine/Plugins/Animation/ControlRig/Content/Controls/ControlRig_Wedge_1mm.uasset" 867
"../../../Engine/Plugins/Animation/ControlRig/Content/Controls/ControlRig_Wedge_1mm.uexp" 868
"../../../Engine/Plugins/Animation/ControlRig/Content/Controls/ControlRig_Triangle_solid.ubulk" 869
"../../../Engine/Plugins/Animation/ControlRig/Content/Controls/ControlRig_Triangle_solid.uasset" 870
"../../../Engine/Plugins/Animation/ControlRig/Content/Controls/ControlRig_Triangle_solid.uexp" 871
"../../../Engine/Plugins/Animation/ControlRig/Content/Controls/ControlRig_Triangle_3mm.ubulk" 872
"../../../Engine/Plugins/Animation/ControlRig/Content/Controls/ControlRig_Triangle_3mm.uasset" 873
"../../../Engine/Plugins/Animation/ControlRig/Content/Controls/ControlRig_Triangle_3mm.uexp" 874
"../../../Engine/Plugins/Animation/ControlRig/Content/Controls/ControlRig_Triangle_1mm.ubulk" 875
"../../../Engine/Plugins/Animation/ControlRig/Content/Controls/ControlRig_Triangle_1mm.uasset" 876
"../../../Engine/Plugins/Animation/ControlRig/Content/Controls/ControlRig_Triangle_1mm.uexp" 877
"../../../Engine/Plugins/Animation/ControlRig/Content/Controls/ControlRig_Star4_solid.ubulk" 878
"../../../Engine/Plugins/Animation/ControlRig/Content/Controls/ControlRig_Star4_solid.uasset" 879
"../../../Engine/Plugins/Animation/ControlRig/Content/Controls/ControlRig_Star4_solid.uexp" 880
"../../../Engine/Plugins/Animation/ControlRig/Content/Controls/ControlRig_Star4_3mm.ubulk" 881
"../../../Engine/Plugins/Animation/ControlRig/Content/Controls/ControlRig_Star4_3mm.uasset" 882
"../../../Engine/Plugins/Animation/ControlRig/Content/Controls/ControlRig_Star4_3mm.uexp" 883
"../../../Engine/Plugins/Animation/ControlRig/Content/Controls/ControlRig_Star4_1mm.ubulk" 884
"../../../Engine/Plugins/Animation/ControlRig/Content/Controls/ControlRig_Star4_1mm.uasset" 885
"../../../Engine/Plugins/Animation/ControlRig/Content/Controls/ControlRig_Star4_1mm.uexp" 886
"../../../Engine/Plugins/Animation/ControlRig/Content/Controls/ControlRig_Square_solid.ubulk" 887
"../../../Engine/Plugins/Animation/ControlRig/Content/Controls/ControlRig_Square_solid.uasset" 888
"../../../Engine/Plugins/Animation/ControlRig/Content/Controls/ControlRig_Square_solid.uexp" 889
"../../../Engine/Plugins/Animation/ControlRig/Content/Controls/ControlRig_Square_3mm.ubulk" 890
"../../../Engine/Plugins/Animation/ControlRig/Content/Controls/ControlRig_Square_3mm.uasset" 891
"../../../Engine/Plugins/Animation/ControlRig/Content/Controls/ControlRig_Square_3mm.uexp" 892
"../../../Engine/Plugins/Animation/ControlRig/Content/Controls/ControlRig_Square_1mm.ubulk" 893
"../../../Engine/Plugins/Animation/ControlRig/Content/Controls/ControlRig_Square_1mm.uasset" 894
"../../../Engine/Plugins/Animation/ControlRig/Content/Controls/ControlRig_Square_1mm.uexp" 895
"../../../Engine/Plugins/Animation/ControlRig/Content/Controls/ControlRig_Sphere_solid.ubulk" 896
"../../../Engine/Plugins/Animation/ControlRig/Content/Controls/ControlRig_Sphere_solid.uasset" 897
"../../../Engine/Plugins/Animation/ControlRig/Content/Controls/ControlRig_Sphere_solid.uexp" 898
"../../../Engine/Plugins/Animation/ControlRig/Content/Controls/ControlRig_Sphere_3mm.ubulk" 899
"../../../Engine/Plugins/Animation/ControlRig/Content/Controls/ControlRig_Sphere_3mm.uasset" 900
"../../../Engine/Plugins/Animation/ControlRig/Content/Controls/ControlRig_Sphere_3mm.uexp" 901
"../../../Engine/Plugins/Animation/ControlRig/Content/Controls/ControlRig_Sphere_1mm.ubulk" 902
"../../../Engine/Plugins/Animation/ControlRig/Content/Controls/ControlRig_Sphere_1mm.uasset" 903
"../../../Engine/Plugins/Animation/ControlRig/Content/Controls/ControlRig_Sphere_1mm.uexp" 904
"../../../Engine/Plugins/Animation/ControlRig/Content/Controls/ControlRig_RoundedTriangle_solid.ubulk" 905
"../../../Engine/Plugins/Animation/ControlRig/Content/Controls/ControlRig_RoundedTriangle_solid.uasset" 906
"../../../Engine/Plugins/Animation/ControlRig/Content/Controls/ControlRig_RoundedTriangle_solid.uexp" 907
"../../../Engine/Plugins/Animation/ControlRig/Content/Controls/ControlRig_RoundedTriangle_3mm.ubulk" 908
"../../../Engine/Plugins/Animation/ControlRig/Content/Controls/ControlRig_RoundedTriangle_3mm.uasset" 909
"../../../Engine/Plugins/Animation/ControlRig/Content/Controls/ControlRig_RoundedTriangle_3mm.uexp" 910
"../../../Engine/Plugins/Animation/ControlRig/Content/Controls/ControlRig_RoundedTriangle_1mm.ubulk" 911
"../../../Engine/Plugins/Animation/ControlRig/Content/Controls/ControlRig_RoundedTriangle_1mm.uasset" 912
"../../../Engine/Plugins/Animation/ControlRig/Content/Controls/ControlRig_RoundedTriangle_1mm.uexp" 913
"../../../Engine/Plugins/Animation/ControlRig/Content/Controls/ControlRig_RoundedSquare_solid.ubulk" 914
"../../../Engine/Plugins/Animation/ControlRig/Content/Controls/ControlRig_RoundedSquare_solid.uasset" 915
"../../../Engine/Plugins/Animation/ControlRig/Content/Controls/ControlRig_RoundedSquare_solid.uexp" 916
"../../../Engine/Plugins/Animation/ControlRig/Content/Controls/ControlRig_RoundedSquare_3mm.ubulk" 917
"../../../Engine/Plugins/Animation/ControlRig/Content/Controls/ControlRig_RoundedSquare_3mm.uasset" 918
"../../../Engine/Plugins/Animation/ControlRig/Content/Controls/ControlRig_RoundedSquare_3mm.uexp" 919
"../../../Engine/Plugins/Animation/ControlRig/Content/Controls/ControlRig_RoundedSquare_1mm.ubulk" 920
"../../../Engine/Plugins/Animation/ControlRig/Content/Controls/ControlRig_RoundedSquare_1mm.uasset" 921
"../../../Engine/Plugins/Animation/ControlRig/Content/Controls/ControlRig_RoundedSquare_1mm.uexp" 922
"../../../Engine/Plugins/Animation/ControlRig/Content/Controls/ControlRig_QuarterCircle_solid.ubulk" 923
"../../../Engine/Plugins/Animation/ControlRig/Content/Controls/ControlRig_QuarterCircle_solid.uasset" 924
"../../../Engine/Plugins/Animation/ControlRig/Content/Controls/ControlRig_QuarterCircle_solid.uexp" 925
"../../../Engine/Plugins/Animation/ControlRig/Content/Controls/ControlRig_QuarterCircle_3mm.ubulk" 926
"../../../Engine/Plugins/Animation/ControlRig/Content/Controls/ControlRig_QuarterCircle_3mm.uasset" 927
"../../../Engine/Plugins/Animation/ControlRig/Content/Controls/ControlRig_QuarterCircle_3mm.uexp" 928
"../../../Engine/Plugins/Animation/ControlRig/Content/Controls/ControlRig_QuarterCircle_1mm.ubulk" 929
"../../../Engine/Plugins/Animation/ControlRig/Content/Controls/ControlRig_QuarterCircle_1mm.uasset" 930
"../../../Engine/Plugins/Animation/ControlRig/Content/Controls/ControlRig_QuarterCircle_1mm.uexp" 931
"../../../Engine/Plugins/Animation/ControlRig/Content/Controls/ControlRig_Pyramid_solid.ubulk" 932
"../../../Engine/Plugins/Animation/ControlRig/Content/Controls/ControlRig_Pyramid_solid.uasset" 933
"../../../Engine/Plugins/Animation/ControlRig/Content/Controls/ControlRig_Pyramid_solid.uexp" 934
"../../../Engine/Plugins/Animation/ControlRig/Content/Controls/ControlRig_Pyramid_3mm.ubulk" 935
"../../../Engine/Plugins/Animation/ControlRig/Content/Controls/ControlRig_Pyramid_3mm.uasset" 936
"../../../Engine/Plugins/Animation/ControlRig/Content/Controls/ControlRig_Pyramid_3mm.uexp" 937
"../../../Engine/Plugins/Animation/ControlRig/Content/Controls/ControlRig_Pyramid_1mm.ubulk" 938
"../../../Engine/Plugins/Animation/ControlRig/Content/Controls/ControlRig_Pyramid_1mm.uasset" 939
"../../../Engine/Plugins/Animation/ControlRig/Content/Controls/ControlRig_Pyramid_1mm.uexp" 940
"../../../Engine/Plugins/Animation/ControlRig/Content/Controls/ControlRig_Octagon_solid.ubulk" 941
"../../../Engine/Plugins/Animation/ControlRig/Content/Controls/ControlRig_Octagon_solid.uasset" 942
"../../../Engine/Plugins/Animation/ControlRig/Content/Controls/ControlRig_Octagon_solid.uexp" 943
"../../../Engine/Plugins/Animation/ControlRig/Content/Controls/ControlRig_Octagon_3mm.ubulk" 944
"../../../Engine/Plugins/Animation/ControlRig/Content/Controls/ControlRig_Octagon_3mm.uasset" 945
"../../../Engine/Plugins/Animation/ControlRig/Content/Controls/ControlRig_Octagon_3mm.uexp" 946
"../../../Engine/Plugins/Animation/ControlRig/Content/Controls/ControlRig_Octagon_1mm.ubulk" 947
"../../../Engine/Plugins/Animation/ControlRig/Content/Controls/ControlRig_Octagon_1mm.uasset" 948
"../../../Engine/Plugins/Animation/ControlRig/Content/Controls/ControlRig_Octagon_1mm.uexp" 949
"../../../Engine/Plugins/Animation/ControlRig/Content/Controls/ControlRig_Hexagon_solid.ubulk" 950
"../../../Engine/Plugins/Animation/ControlRig/Content/Controls/ControlRig_Hexagon_solid.uasset" 951
"../../../Engine/Plugins/Animation/ControlRig/Content/Controls/ControlRig_Hexagon_solid.uexp" 952
"../../../Engine/Plugins/Animation/ControlRig/Content/Controls/ControlRig_Hexagon_3mm.ubulk" 953
"../../../Engine/Plugins/Animation/ControlRig/Content/Controls/ControlRig_Hexagon_3mm.uasset" 954
"../../../Engine/Plugins/Animation/ControlRig/Content/Controls/ControlRig_Hexagon_3mm.uexp" 955
"../../../Engine/Plugins/Animation/ControlRig/Content/Controls/ControlRig_Hexagon_1mm.ubulk" 956
"../../../Engine/Plugins/Animation/ControlRig/Content/Controls/ControlRig_Hexagon_1mm.uasset" 957
"../../../Engine/Plugins/Animation/ControlRig/Content/Controls/ControlRig_Hexagon_1mm.uexp" 958
"../../../Engine/Plugins/Animation/ControlRig/Content/Controls/ControlRig_HalfCircle_solid.ubulk" 959
"../../../Engine/Plugins/Animation/ControlRig/Content/Controls/ControlRig_HalfCircle_solid.uasset" 960
"../../../Engine/Plugins/Animation/ControlRig/Content/Controls/ControlRig_HalfCircle_solid.uexp" 961
"../../../Engine/Plugins/Animation/ControlRig/Content/Controls/ControlRig_HalfCircle_3mm.ubulk" 962
"../../../Engine/Plugins/Animation/ControlRig/Content/Controls/ControlRig_HalfCircle_3mm.uasset" 963
"../../../Engine/Plugins/Animation/ControlRig/Content/Controls/ControlRig_HalfCircle_3mm.uexp" 964
"../../../Engine/Plugins/Animation/ControlRig/Content/Controls/ControlRig_HalfCircle_1mm.ubulk" 965
"../../../Engine/Plugins/Animation/ControlRig/Content/Controls/ControlRig_HalfCircle_1mm.uasset" 966
"../../../Engine/Plugins/Animation/ControlRig/Content/Controls/ControlRig_HalfCircle_1mm.uexp" 967
"../../../Engine/Plugins/Animation/ControlRig/Content/Controls/ControlRig_Diamond_solid.ubulk" 968
"../../../Engine/Plugins/Animation/ControlRig/Content/Controls/ControlRig_Diamond_solid.uasset" 969
"../../../Engine/Plugins/Animation/ControlRig/Content/Controls/ControlRig_Diamond_solid.uexp" 970
"../../../Engine/Plugins/Animation/ControlRig/Content/Controls/ControlRig_Diamond_3mm.ubulk" 971
"../../../Engine/Plugins/Animation/ControlRig/Content/Controls/ControlRig_Diamond_3mm.uasset" 972
"../../../Engine/Plugins/Animation/ControlRig/Content/Controls/ControlRig_Diamond_3mm.uexp" 973
"../../../Engine/Plugins/Animation/ControlRig/Content/Controls/ControlRig_Diamond_1mm.ubulk" 974
"../../../Engine/Plugins/Animation/ControlRig/Content/Controls/ControlRig_Diamond_1mm.uasset" 975
"../../../Engine/Plugins/Animation/ControlRig/Content/Controls/ControlRig_Diamond_1mm.uexp" 976
"../../../Engine/Plugins/Animation/ControlRig/Content/Controls/ControlRig_Circle_solid.ubulk" 977
"../../../Engine/Plugins/Animation/ControlRig/Content/Controls/ControlRig_Circle_solid.uasset" 978
"../../../Engine/Plugins/Animation/ControlRig/Content/Controls/ControlRig_Circle_solid.uexp" 979
"../../../Engine/Plugins/Animation/ControlRig/Content/Controls/ControlRig_Circle_3mm.ubulk" 980
"../../../Engine/Plugins/Animation/ControlRig/Content/Controls/ControlRig_Circle_3mm.uasset" 981
"../../../Engine/Plugins/Animation/ControlRig/Content/Controls/ControlRig_Circle_3mm.uexp" 982
"../../../Engine/Plugins/Animation/ControlRig/Content/Controls/ControlRig_Circle_1mm.ubulk" 983
"../../../Engine/Plugins/Animation/ControlRig/Content/Controls/ControlRig_Circle_1mm.uasset" 984
"../../../Engine/Plugins/Animation/ControlRig/Content/Controls/ControlRig_Circle_1mm.uexp" 985
"../../../Engine/Plugins/Animation/ControlRig/Content/Controls/ControlRig_Box_solid.ubulk" 986
"../../../Engine/Plugins/Animation/ControlRig/Content/Controls/ControlRig_Box_solid.uasset" 987
"../../../Engine/Plugins/Animation/ControlRig/Content/Controls/ControlRig_Box_solid.uexp" 988
"../../../Engine/Plugins/Animation/ControlRig/Content/Controls/ControlRig_Box_3mm.ubulk" 989
"../../../Engine/Plugins/Animation/ControlRig/Content/Controls/ControlRig_Box_3mm.uasset" 990
"../../../Engine/Plugins/Animation/ControlRig/Content/Controls/ControlRig_Box_3mm.uexp" 991
"../../../Engine/Plugins/Animation/ControlRig/Content/Controls/ControlRig_Box_1mm.ubulk" 992
"../../../Engine/Plugins/Animation/ControlRig/Content/Controls/ControlRig_Box_1mm.uasset" 993
"../../../Engine/Plugins/Animation/ControlRig/Content/Controls/ControlRig_Box_1mm.uexp" 994
"../../../Engine/Plugins/Animation/ControlRig/Content/Controls/ControlRig_Arrow_solid.ubulk" 995
"../../../Engine/Plugins/Animation/ControlRig/Content/Controls/ControlRig_Arrow_solid.uasset" 996
"../../../Engine/Plugins/Animation/ControlRig/Content/Controls/ControlRig_Arrow_solid.uexp" 997
"../../../Engine/Plugins/Animation/ControlRig/Content/Controls/ControlRig_Arrow_3mm.ubulk" 998
"../../../Engine/Plugins/Animation/ControlRig/Content/Controls/ControlRig_Arrow_3mm.uasset" 999
"../../../Engine/Plugins/Animation/ControlRig/Content/Controls/ControlRig_Arrow_3mm.uexp" 1000
"../../../Engine/Plugins/Animation/ControlRig/Content/Controls/ControlRig_Arrow_1mm.ubulk" 1001
"../../../Engine/Plugins/Animation/ControlRig/Content/Controls/ControlRig_Arrow_1mm.uasset" 1002
"../../../Engine/Plugins/Animation/ControlRig/Content/Controls/ControlRig_Arrow_1mm.uexp" 1003
"../../../Engine/Plugins/Animation/ControlRig/Content/Controls/ControlRig_Arrow4_solid.ubulk" 1004
"../../../Engine/Plugins/Animation/ControlRig/Content/Controls/ControlRig_Arrow4_solid.uasset" 1005
"../../../Engine/Plugins/Animation/ControlRig/Content/Controls/ControlRig_Arrow4_solid.uexp" 1006
"../../../Engine/Plugins/Animation/ControlRig/Content/Controls/ControlRig_Arrow4_3mm.ubulk" 1007
"../../../Engine/Plugins/Animation/ControlRig/Content/Controls/ControlRig_Arrow4_3mm.uasset" 1008
"../../../Engine/Plugins/Animation/ControlRig/Content/Controls/ControlRig_Arrow4_3mm.uexp" 1009
"../../../Engine/Plugins/Animation/ControlRig/Content/Controls/ControlRig_Arrow4_1mm.ubulk" 1010
"../../../Engine/Plugins/Animation/ControlRig/Content/Controls/ControlRig_Arrow4_1mm.uasset" 1011
"../../../Engine/Plugins/Animation/ControlRig/Content/Controls/ControlRig_Arrow4_1mm.uexp" 1012
"../../../Engine/Plugins/Animation/ControlRig/Content/Controls/ControlRig_Arrow2_solid.ubulk" 1013
"../../../Engine/Plugins/Animation/ControlRig/Content/Controls/ControlRig_Arrow2_solid.uasset" 1014
"../../../Engine/Plugins/Animation/ControlRig/Content/Controls/ControlRig_Arrow2_solid.uexp" 1015
"../../../Engine/Plugins/Animation/ControlRig/Content/Controls/ControlRig_Arrow2_3mm.ubulk" 1016
"../../../Engine/Plugins/Animation/ControlRig/Content/Controls/ControlRig_Arrow2_3mm.uasset" 1017
"../../../Engine/Plugins/Animation/ControlRig/Content/Controls/ControlRig_Arrow2_3mm.uexp" 1018
"../../../Engine/Plugins/Animation/ControlRig/Content/Controls/ControlRig_Arrow2_1mm.ubulk" 1019
"../../../Engine/Plugins/Animation/ControlRig/Content/Controls/ControlRig_Arrow2_1mm.uasset" 1020
"../../../Engine/Plugins/Animation/ControlRig/Content/Controls/ControlRig_Arrow2_1mm.uexp" 1021
"../../../Engine/Content/VREditor/TransformGizmo/BoundingBoxEdge.ubulk" 1022
"../../../Engine/Content/VREditor/TransformGizmo/BoundingBoxEdge.uasset" 1023
"../../../Engine/Content/VREditor/TransformGizmo/BoundingBoxEdge.uexp" 1024
"../../../Engine/Content/VREditor/TransformGizmo/BoundingBoxCorner.ubulk" 1025
"../../../Engine/Content/VREditor/TransformGizmo/BoundingBoxCorner.uasset" 1026
"../../../Engine/Content/VREditor/TransformGizmo/BoundingBoxCorner.uexp" 1027
"../../../Engine/Content/EngineResources/Black.uasset" 1028
"../../../Engine/Content/EngineResources/Black.uexp" 1029
"../../../Engine/Plugins/Runtime/OpenXR/Content/Devices/M_XRController.uasset" 1030
"../../../Engine/Plugins/Runtime/OpenXR/Content/Devices/M_XRController.uexp" 1031
"../../../Engine/Plugins/Runtime/OpenXR/Content/Devices/OculusGo/BaseTexture.ubulk" 1032
"../../../Engine/Plugins/Runtime/OpenXR/Content/Devices/OculusGo/BaseTexture.uasset" 1033
"../../../Engine/Plugins/Runtime/OpenXR/Content/Devices/OculusGo/BaseTexture.uexp" 1034
"../../../Engine/Plugins/Runtime/OpenXR/Content/Devices/OculusGo/MI_OculusGo.uasset" 1035
"../../../Engine/Plugins/Runtime/OpenXR/Content/Devices/OculusGo/MI_OculusGo.uexp" 1036
"../../../Engine/Plugins/Runtime/OpenXR/Content/Devices/OculusGo/OculusGoController.ubulk" 1037
"../../../Engine/Plugins/Runtime/OpenXR/Content/Devices/OculusGo/OculusGoController.uasset" 1038
"../../../Engine/Plugins/Runtime/OpenXR/Content/Devices/OculusGo/OculusGoController.uexp" 1039
"../../../Engine/Plugins/Runtime/OpenXR/Content/Devices/HTCVive/BaseTexture.ubulk" 1040
"../../../Engine/Plugins/Runtime/OpenXR/Content/Devices/HTCVive/BaseTexture.uasset" 1041
"../../../Engine/Plugins/Runtime/OpenXR/Content/Devices/HTCVive/BaseTexture.uexp" 1042
"../../../Engine/Plugins/Runtime/OpenXR/Content/Devices/HTCVive/MI_HTCVive.uasset" 1043
"../../../Engine/Plugins/Runtime/OpenXR/Content/Devices/HTCVive/MI_HTCVive.uexp" 1044
"../../../Engine/Plugins/Runtime/OpenXR/Content/Devices/HTCVive/HTCViveController.ubulk" 1045
"../../../Engine/Plugins/Runtime/OpenXR/Content/Devices/HTCVive/HTCViveController.uasset" 1046
"../../../Engine/Plugins/Runtime/OpenXR/Content/Devices/HTCVive/HTCViveController.uexp" 1047
"../../../Engine/Plugins/Interchange/Assets/Content/gltf/Textures/T_White_srgb.uasset" 1048
"../../../Engine/Plugins/Interchange/Assets/Content/gltf/Textures/T_White_srgb.uexp" 1049
"../../../Engine/Plugins/Interchange/Assets/Content/gltf/MaterialFunctions/MF_BaseColor.uasset" 1050
"../../../Engine/Plugins/Interchange/Assets/Content/gltf/MaterialFunctions/MF_BaseColor.uexp" 1051
"../../../Engine/Plugins/Interchange/Assets/Content/gltf/MaterialFunctions/MF_RotateV2.uasset" 1052
"../../../Engine/Plugins/Interchange/Assets/Content/gltf/MaterialFunctions/MF_RotateV2.uexp" 1053
"../../../Engine/Plugins/Interchange/Assets/Content/gltf/MaterialFunctions/MF_TransformUVs.uasset" 1054
"../../../Engine/Plugins/Interchange/Assets/Content/gltf/MaterialFunctions/MF_TransformUVs.uexp" 1055
"../../../Engine/Plugins/Interchange/Assets/Content/gltf/MaterialBodies/MF_Unlit_Body.uasset" 1056
"../../../Engine/Plugins/Interchange/Assets/Content/gltf/MaterialBodies/MF_Unlit_Body.uexp" 1057
"../../../Engine/Plugins/Interchange/Assets/Content/gltf/M_Unlit.uasset" 1058
"../../../Engine/Plugins/Interchange/Assets/Content/gltf/M_Unlit.uexp" 1059
"../../../Engine/Plugins/Interchange/Assets/Content/gltf/MaterialInstances/MI_Unlit_Opaque_DS.uasset" 1060
"../../../Engine/Plugins/Interchange/Assets/Content/gltf/MaterialInstances/MI_Unlit_Opaque_DS.uexp" 1061
"../../../Engine/Plugins/Interchange/Assets/Content/gltf/MaterialInstances/MI_Unlit_Opaque.uasset" 1062
"../../../Engine/Plugins/Interchange/Assets/Content/gltf/MaterialInstances/MI_Unlit_Opaque.uexp" 1063
"../../../Engine/Plugins/Interchange/Assets/Content/gltf/MaterialInstances/MI_Unlit_Mask_DS.uasset" 1064
"../../../Engine/Plugins/Interchange/Assets/Content/gltf/MaterialInstances/MI_Unlit_Mask_DS.uexp" 1065
"../../../Engine/Plugins/Interchange/Assets/Content/gltf/MaterialInstances/MI_Unlit_Mask.uasset" 1066
"../../../Engine/Plugins/Interchange/Assets/Content/gltf/MaterialInstances/MI_Unlit_Mask.uexp" 1067
"../../../Engine/Plugins/Interchange/Assets/Content/gltf/MaterialInstances/MI_Unlit_Blend_DS.uasset" 1068
"../../../Engine/Plugins/Interchange/Assets/Content/gltf/MaterialInstances/MI_Unlit_Blend_DS.uexp" 1069
"../../../Engine/Plugins/Interchange/Assets/Content/gltf/MaterialInstances/MI_Unlit_Blend.uasset" 1070
"../../../Engine/Plugins/Interchange/Assets/Content/gltf/MaterialInstances/MI_Unlit_Blend.uexp" 1071
"../../../Engine/Content/Functions/Engine_MaterialFunctions02/Texturing/ScreenAlignedPixelToPixelUVs.uasset" 1072
"../../../Engine/Content/Functions/Engine_MaterialFunctions02/Texturing/ScreenAlignedPixelToPixelUVs.uexp" 1073
"../../../Engine/Plugins/Interchange/Assets/Content/gltf/MaterialFunctions/MF_Fresnel_DS.uasset" 1074
"../../../Engine/Plugins/Interchange/Assets/Content/gltf/MaterialFunctions/MF_Fresnel_DS.uexp" 1075
"../../../Engine/Plugins/Interchange/Assets/Content/gltf/MaterialFunctions/MF_Temporal_Blur.uasset" 1076
"../../../Engine/Plugins/Interchange/Assets/Content/gltf/MaterialFunctions/MF_Temporal_Blur.uexp" 1077
"../../../Engine/Plugins/Interchange/Assets/Content/Utilities/New_LUT.uasset" 1078
"../../../Engine/Plugins/Interchange/Assets/Content/Utilities/New_LUT.uexp" 1079
"../../../Engine/Content/Functions/Engine_MaterialFunctions03/Math/RemapValueRange.uasset" 1080
"../../../Engine/Content/Functions/Engine_MaterialFunctions03/Math/RemapValueRange.uexp" 1081
"../../../Engine/Plugins/Interchange/Assets/Content/Functions/MF_Iridescence.uasset" 1082
"../../../Engine/Plugins/Interchange/Assets/Content/Functions/MF_Iridescence.uexp" 1083
"../../../Engine/Plugins/Interchange/Assets/Content/gltf/MaterialFunctions/MF_IOR.uasset" 1084
"../../../Engine/Plugins/Interchange/Assets/Content/gltf/MaterialFunctions/MF_IOR.uexp" 1085
"../../../Engine/Plugins/Interchange/Assets/Content/gltf/MaterialFunctions/MF_Iridescence.uasset" 1086
"../../../Engine/Plugins/Interchange/Assets/Content/gltf/MaterialFunctions/MF_Iridescence.uexp" 1087
"../../../Engine/Plugins/Interchange/Assets/Content/gltf/Textures/T_White_Linear.uasset" 1088
"../../../Engine/Plugins/Interchange/Assets/Content/gltf/Textures/T_White_Linear.uexp" 1089
"../../../Engine/Plugins/Interchange/Assets/Content/gltf/MaterialFunctions/MF_MetallicRoughness.uasset" 1090
"../../../Engine/Plugins/Interchange/Assets/Content/gltf/MaterialFunctions/MF_MetallicRoughness.uexp" 1091
"../../../Engine/Plugins/Interchange/Assets/Content/gltf/MaterialFunctions/MF_RotateNormals_TS.uasset" 1092
"../../../Engine/Plugins/Interchange/Assets/Content/gltf/MaterialFunctions/MF_RotateNormals_TS.uexp" 1093
"../../../Engine/Plugins/Interchange/Assets/Content/gltf/MaterialFunctions/MF_ScaleNormal.uasset" 1094
"../../../Engine/Plugins/Interchange/Assets/Content/gltf/MaterialFunctions/MF_ScaleNormal.uexp" 1095
"../../../Engine/Plugins/Interchange/Assets/Content/gltf/Textures/T_Generic_N.uasset" 1096
"../../../Engine/Plugins/Interchange/Assets/Content/gltf/Textures/T_Generic_N.uexp" 1097
"../../../Engine/Plugins/Interchange/Assets/Content/gltf/MaterialFunctions/MF_Normals.uasset" 1098
"../../../Engine/Plugins/Interchange/Assets/Content/gltf/MaterialFunctions/MF_Normals.uexp" 1099
"../../../Engine/Plugins/Interchange/Assets/Content/gltf/MaterialFunctions/MF_Occlusion.uasset" 1100
"../../../Engine/Plugins/Interchange/Assets/Content/gltf/MaterialFunctions/MF_Occlusion.uexp" 1101
"../../../Engine/Plugins/Interchange/Assets/Content/gltf/MaterialFunctions/MF_Specular.uasset" 1102
"../../../Engine/Plugins/Interchange/Assets/Content/gltf/MaterialFunctions/MF_Specular.uexp" 1103
"../../../Engine/Plugins/Interchange/Assets/Content/gltf/Textures/T_Anisotropy_Direction_Linear.uasset" 1104
"../../../Engine/Plugins/Interchange/Assets/Content/gltf/Textures/T_Anisotropy_Direction_Linear.uexp" 1105
"../../../Engine/Plugins/Interchange/Assets/Content/gltf/MaterialFunctions/MF_SpecularAnisotropy.uasset" 1106
"../../../Engine/Plugins/Interchange/Assets/Content/gltf/MaterialFunctions/MF_SpecularAnisotropy.uexp" 1107
"../../../Engine/Plugins/Interchange/Assets/Content/gltf/MaterialFunctions/MF_Transmission.uasset" 1108
"../../../Engine/Plugins/Interchange/Assets/Content/gltf/MaterialFunctions/MF_Transmission.uexp" 1109
"../../../Engine/Plugins/Interchange/Assets/Content/gltf/MaterialBodies/MF_Transmission_Body.uasset" 1110
"../../../Engine/Plugins/Interchange/Assets/Content/gltf/MaterialBodies/MF_Transmission_Body.uexp" 1111
"../../../Engine/Plugins/Interchange/Assets/Content/gltf/M_Transmission.uasset" 1112
"../../../Engine/Plugins/Interchange/Assets/Content/gltf/M_Transmission.uexp" 1113
"../../../Engine/Plugins/Interchange/Assets/Content/gltf/MaterialInstances/MI_Transmission_DS.uasset" 1114
"../../../Engine/Plugins/Interchange/Assets/Content/gltf/MaterialInstances/MI_Transmission_DS.uexp" 1115
"../../../Engine/Plugins/Interchange/Assets/Content/gltf/MaterialInstances/MI_Transmission.uasset" 1116
"../../../Engine/Plugins/Interchange/Assets/Content/gltf/MaterialInstances/MI_Transmission.uexp" 1117
"../../../Engine/Content/Functions/Engine_MaterialFunctions02/Math/AddComponents.uasset" 1118
"../../../Engine/Content/Functions/Engine_MaterialFunctions02/Math/AddComponents.uexp" 1119
"../../../Engine/Plugins/Interchange/Assets/Content/gltf/MaterialFunctions/MF_DiffuseSpecGloss.uasset" 1120
"../../../Engine/Plugins/Interchange/Assets/Content/gltf/MaterialFunctions/MF_DiffuseSpecGloss.uexp" 1121
"../../../Engine/Plugins/Interchange/Assets/Content/gltf/MaterialFunctions/MF_Emissive.uasset" 1122
"../../../Engine/Plugins/Interchange/Assets/Content/gltf/MaterialFunctions/MF_Emissive.uexp" 1123
"../../../Engine/Plugins/Interchange/Assets/Content/gltf/MaterialFunctions/MF_MaxComponentValue.uasset" 1124
"../../../Engine/Plugins/Interchange/Assets/Content/gltf/MaterialFunctions/MF_MaxComponentValue.uexp" 1125
"../../../Engine/Plugins/Interchange/Assets/Content/gltf/MaterialFunctions/MF_PerceivedBrightness.uasset" 1126
"../../../Engine/Plugins/Interchange/Assets/Content/gltf/MaterialFunctions/MF_PerceivedBrightness.uexp" 1127
"../../../Engine/Plugins/Interchange/Assets/Content/gltf/MaterialFunctions/MF_SpecGlossToMetalRoughness.uasset" 1128
"../../../Engine/Plugins/Interchange/Assets/Content/gltf/MaterialFunctions/MF_SpecGlossToMetalRoughness.uexp" 1129
"../../../Engine/Plugins/Interchange/Assets/Content/gltf/MaterialBodies/MF_SpecularGlossiness_Body.uasset" 1130
"../../../Engine/Plugins/Interchange/Assets/Content/gltf/MaterialBodies/MF_SpecularGlossiness_Body.uexp" 1131
"../../../Engine/Plugins/Interchange/Assets/Content/gltf/M_SpecularGlossiness.uasset" 1132
"../../../Engine/Plugins/Interchange/Assets/Content/gltf/M_SpecularGlossiness.uexp" 1133
"../../../Engine/Plugins/Interchange/Assets/Content/gltf/MaterialInstances/MI_SpecularGlossiness_Opaque_DS.uasset" 1134
"../../../Engine/Plugins/Interchange/Assets/Content/gltf/MaterialInstances/MI_SpecularGlossiness_Opaque_DS.uexp" 1135
"../../../Engine/Plugins/Interchange/Assets/Content/gltf/MaterialInstances/MI_SpecularGlossiness_Opaque.uasset" 1136
"../../../Engine/Plugins/Interchange/Assets/Content/gltf/MaterialInstances/MI_SpecularGlossiness_Opaque.uexp" 1137
"../../../Engine/Plugins/Interchange/Assets/Content/gltf/MaterialInstances/MI_SpecularGlossiness_Mask_DS.uasset" 1138
"../../../Engine/Plugins/Interchange/Assets/Content/gltf/MaterialInstances/MI_SpecularGlossiness_Mask_DS.uexp" 1139
"../../../Engine/Plugins/Interchange/Assets/Content/gltf/MaterialInstances/MI_SpecularGlossiness_Mask.uasset" 1140
"../../../Engine/Plugins/Interchange/Assets/Content/gltf/MaterialInstances/MI_SpecularGlossiness_Mask.uexp" 1141
"../../../Engine/Plugins/Interchange/Assets/Content/gltf/MaterialInstances/MI_SpecularGlossiness_Blend_DS.uasset" 1142
"../../../Engine/Plugins/Interchange/Assets/Content/gltf/MaterialInstances/MI_SpecularGlossiness_Blend_DS.uexp" 1143
"../../../Engine/Plugins/Interchange/Assets/Content/gltf/MaterialInstances/MI_SpecularGlossiness_Blend.uasset" 1144
"../../../Engine/Plugins/Interchange/Assets/Content/gltf/MaterialInstances/MI_SpecularGlossiness_Blend.uexp" 1145
"../../../Engine/Plugins/Interchange/Assets/Content/gltf/MaterialFunctions/MF_Sheen.uasset" 1146
"../../../Engine/Plugins/Interchange/Assets/Content/gltf/MaterialFunctions/MF_Sheen.uexp" 1147
"../../../Engine/Plugins/Interchange/Assets/Content/gltf/MaterialBodies/MF_Sheen_Body.uasset" 1148
"../../../Engine/Plugins/Interchange/Assets/Content/gltf/MaterialBodies/MF_Sheen_Body.uexp" 1149
"../../../Engine/Plugins/Interchange/Assets/Content/gltf/M_Sheen.uasset" 1150
"../../../Engine/Plugins/Interchange/Assets/Content/gltf/M_Sheen.uexp" 1151
"../../../Engine/Plugins/Interchange/Assets/Content/gltf/MaterialInstances/MI_Sheen_Opaque_DS.uasset" 1152
"../../../Engine/Plugins/Interchange/Assets/Content/gltf/MaterialInstances/MI_Sheen_Opaque_DS.uexp" 1153
"../../../Engine/Plugins/Interchange/Assets/Content/gltf/MaterialInstances/MI_Sheen_Opaque.uasset" 1154
"../../../Engine/Plugins/Interchange/Assets/Content/gltf/MaterialInstances/MI_Sheen_Opaque.uexp" 1155
"../../../Engine/Plugins/Interchange/Assets/Content/gltf/MaterialInstances/MI_Sheen_Mask_DS.uasset" 1156
"../../../Engine/Plugins/Interchange/Assets/Content/gltf/MaterialInstances/MI_Sheen_Mask_DS.uexp" 1157
"../../../Engine/Plugins/Interchange/Assets/Content/gltf/MaterialInstances/MI_Sheen_Mask.uasset" 1158
"../../../Engine/Plugins/Interchange/Assets/Content/gltf/MaterialInstances/MI_Sheen_Mask.uexp" 1159
"../../../Engine/Plugins/Interchange/Assets/Content/gltf/MaterialInstances/MI_Sheen_Blend_DS.uasset" 1160
"../../../Engine/Plugins/Interchange/Assets/Content/gltf/MaterialInstances/MI_Sheen_Blend_DS.uexp" 1161
"../../../Engine/Plugins/Interchange/Assets/Content/gltf/MaterialInstances/MI_Sheen_Blend.uasset" 1162
"../../../Engine/Plugins/Interchange/Assets/Content/gltf/MaterialInstances/MI_Sheen_Blend.uexp" 1163
"../../../Engine/Plugins/Interchange/Assets/Content/gltf/MaterialBodies/MF_Default_Body.uasset" 1164
"../../../Engine/Plugins/Interchange/Assets/Content/gltf/MaterialBodies/MF_Default_Body.uexp" 1165
"../../../Engine/Plugins/Interchange/Assets/Content/gltf/M_Default.uasset" 1166
"../../../Engine/Plugins/Interchange/Assets/Content/gltf/M_Default.uexp" 1167
"../../../Engine/Plugins/Interchange/Assets/Content/gltf/MaterialInstances/MI_Default_Opaque_DS.uasset" 1168
"../../../Engine/Plugins/Interchange/Assets/Content/gltf/MaterialInstances/MI_Default_Opaque_DS.uexp" 1169
"../../../Engine/Plugins/Interchange/Assets/Content/gltf/MaterialInstances/MI_Default_Opaque.uasset" 1170
"../../../Engine/Plugins/Interchange/Assets/Content/gltf/MaterialInstances/MI_Default_Opaque.uexp" 1171
"../../../Engine/Plugins/Interchange/Assets/Content/gltf/MaterialInstances/MI_Default_Mask_DS.uasset" 1172
"../../../Engine/Plugins/Interchange/Assets/Content/gltf/MaterialInstances/MI_Default_Mask_DS.uexp" 1173
"../../../Engine/Plugins/Interchange/Assets/Content/gltf/MaterialInstances/MI_Default_Mask.uasset" 1174
"../../../Engine/Plugins/Interchange/Assets/Content/gltf/MaterialInstances/MI_Default_Mask.uexp" 1175
"../../../Engine/Plugins/Interchange/Assets/Content/gltf/MaterialInstances/MI_Default_Blend_DS.uasset" 1176
"../../../Engine/Plugins/Interchange/Assets/Content/gltf/MaterialInstances/MI_Default_Blend_DS.uexp" 1177
"../../../Engine/Plugins/Interchange/Assets/Content/gltf/MaterialInstances/MI_Default_Blend.uasset" 1178
"../../../Engine/Plugins/Interchange/Assets/Content/gltf/MaterialInstances/MI_Default_Blend.uexp" 1179
"../../../Engine/Content/Functions/Engine_MaterialFunctions01/Texturing/FlattenNormal.uasset" 1180
"../../../Engine/Content/Functions/Engine_MaterialFunctions01/Texturing/FlattenNormal.uexp" 1181
"../../../Engine/Plugins/Interchange/Assets/Content/gltf/MaterialFunctions/MF_Clearcoat.uasset" 1182
"../../../Engine/Plugins/Interchange/Assets/Content/gltf/MaterialFunctions/MF_Clearcoat.uexp" 1183
"../../../Engine/Plugins/Interchange/Assets/Content/gltf/MaterialBodies/MF_ClearCoat_Body.uasset" 1184
"../../../Engine/Plugins/Interchange/Assets/Content/gltf/MaterialBodies/MF_ClearCoat_Body.uexp" 1185
"../../../Engine/Plugins/Interchange/Assets/Content/gltf/M_ClearCoat.uasset" 1186
"../../../Engine/Plugins/Interchange/Assets/Content/gltf/M_ClearCoat.uexp" 1187
"../../../Engine/Plugins/Interchange/Assets/Content/gltf/MaterialInstances/MI_ClearCoat_Opaque_DS.uasset" 1188
"../../../Engine/Plugins/Interchange/Assets/Content/gltf/MaterialInstances/MI_ClearCoat_Opaque_DS.uexp" 1189
"../../../Engine/Plugins/Interchange/Assets/Content/gltf/MaterialInstances/MI_ClearCoat_Opaque.uasset" 1190
"../../../Engine/Plugins/Interchange/Assets/Content/gltf/MaterialInstances/MI_ClearCoat_Opaque.uexp" 1191
"../../../Engine/Plugins/Interchange/Assets/Content/gltf/MaterialInstances/MI_ClearCoat_Mask_DS.uasset" 1192
"../../../Engine/Plugins/Interchange/Assets/Content/gltf/MaterialInstances/MI_ClearCoat_Mask_DS.uexp" 1193
"../../../Engine/Plugins/Interchange/Assets/Content/gltf/MaterialInstances/MI_ClearCoat_Mask.uasset" 1194
"../../../Engine/Plugins/Interchange/Assets/Content/gltf/MaterialInstances/MI_ClearCoat_Mask.uexp" 1195
"../../../Engine/Plugins/Interchange/Assets/Content/gltf/MaterialInstances/MI_ClearCoat_Blend_DS.uasset" 1196
"../../../Engine/Plugins/Interchange/Assets/Content/gltf/MaterialInstances/MI_ClearCoat_Blend_DS.uexp" 1197
"../../../Engine/Plugins/Interchange/Assets/Content/gltf/MaterialInstances/MI_ClearCoat_Blend.uasset" 1198
"../../../Engine/Plugins/Interchange/Assets/Content/gltf/MaterialInstances/MI_ClearCoat_Blend.uexp" 1199
"../../../Engine/Content/ArtTools/RenderToTexture/Meshes/S_1_Unit_Plane.ubulk" 1200
"../../../Engine/Content/ArtTools/RenderToTexture/Meshes/S_1_Unit_Plane.uasset" 1201
"../../../Engine/Content/ArtTools/RenderToTexture/Meshes/S_1_Unit_Plane.uexp" 1202
"../../../Engine/Content/EngineMaterials/Substrate/Volume/SubstrateSimpleVolumeLUT3D.uasset" 1203
"../../../Engine/Content/EngineMaterials/Substrate/Volume/SubstrateSimpleVolumeLUT3D.uexp" 1204
"../../../Engine/Content/EngineMaterials/Substrate/Volume/SubstrateSimpleVolumeEnvLUT3D.uasset" 1205
"../../../Engine/Content/EngineMaterials/Substrate/Volume/SubstrateSimpleVolumeEnvLUT3D.uexp" 1206
"../../../Engine/Content/EngineMaterials/Substrate/Glints2/AGlintTex2dArray2.uasset" 1207
"../../../Engine/Content/EngineMaterials/Substrate/Glints2/AGlintTex2dArray2.uexp" 1208
"../../../Engine/Content/EngineMaterials/Substrate/GLints/AGlintTex2dArray.uasset" 1209
"../../../Engine/Content/EngineMaterials/Substrate/GLints/AGlintTex2dArray.uexp" 1210
"../../../Engine/Plugins/Runtime/OpenXR/Content/Devices/ValveIndex/MRTexture.ubulk" 1211
"../../../Engine/Plugins/Runtime/OpenXR/Content/Devices/ValveIndex/MRTexture.uasset" 1212
"../../../Engine/Plugins/Runtime/OpenXR/Content/Devices/ValveIndex/MRTexture.uexp" 1213
"../../../Engine/Plugins/Runtime/OpenXR/Content/Devices/ValveIndex/BaseTexture.ubulk" 1214
"../../../Engine/Plugins/Runtime/OpenXR/Content/Devices/ValveIndex/BaseTexture.uasset" 1215
"../../../Engine/Plugins/Runtime/OpenXR/Content/Devices/ValveIndex/BaseTexture.uexp" 1216
"../../../Engine/Plugins/Runtime/OpenXR/Content/Devices/ValveIndex/Right/MI_right_ValveIndex.uasset" 1217
"../../../Engine/Plugins/Runtime/OpenXR/Content/Devices/ValveIndex/Right/MI_right_ValveIndex.uexp" 1218
"../../../Engine/Plugins/Runtime/OpenXR/Content/Devices/ValveIndex/Right/right_ValveIndexController.ubulk" 1219
"../../../Engine/Plugins/Runtime/OpenXR/Content/Devices/ValveIndex/Right/right_ValveIndexController.uasset" 1220
"../../../Engine/Plugins/Runtime/OpenXR/Content/Devices/ValveIndex/Right/right_ValveIndexController.uexp" 1221
"../../../Engine/Plugins/Runtime/OpenXR/Content/Devices/ValveIndex/Left/MI_left_ValveIndex.uasset" 1222
"../../../Engine/Plugins/Runtime/OpenXR/Content/Devices/ValveIndex/Left/MI_left_ValveIndex.uexp" 1223
"../../../Engine/Plugins/Runtime/OpenXR/Content/Devices/ValveIndex/Left/left_ValveIndexController.ubulk" 1224
"../../../Engine/Plugins/Runtime/OpenXR/Content/Devices/ValveIndex/Left/left_ValveIndexController.uasset" 1225
"../../../Engine/Plugins/Runtime/OpenXR/Content/Devices/ValveIndex/Left/left_ValveIndexController.uexp" 1226
"../../../Engine/Plugins/Runtime/OpenXR/Content/Devices/OculusTouch_v3/MRTexture.ubulk" 1227
"../../../Engine/Plugins/Runtime/OpenXR/Content/Devices/OculusTouch_v3/MRTexture.uasset" 1228
"../../../Engine/Plugins/Runtime/OpenXR/Content/Devices/OculusTouch_v3/MRTexture.uexp" 1229
"../../../Engine/Plugins/Runtime/OpenXR/Content/Devices/OculusTouch_v3/BaseTexture.ubulk" 1230
"../../../Engine/Plugins/Runtime/OpenXR/Content/Devices/OculusTouch_v3/BaseTexture.uasset" 1231
"../../../Engine/Plugins/Runtime/OpenXR/Content/Devices/OculusTouch_v3/BaseTexture.uexp" 1232
"../../../Engine/Plugins/Runtime/OpenXR/Content/Devices/OculusTouch_v3/MI_OculusTouch_v3.uasset" 1233
"../../../Engine/Plugins/Runtime/OpenXR/Content/Devices/OculusTouch_v3/MI_OculusTouch_v3.uexp" 1234
"../../../Engine/Plugins/Runtime/OpenXR/Content/Devices/OculusTouch_v3/Right/right_OculusTouch_v3Controller.ubulk" 1235
"../../../Engine/Plugins/Runtime/OpenXR/Content/Devices/OculusTouch_v3/Right/right_OculusTouch_v3Controller.uasset" 1236
"../../../Engine/Plugins/Runtime/OpenXR/Content/Devices/OculusTouch_v3/Right/right_OculusTouch_v3Controller.uexp" 1237
"../../../Engine/Plugins/Runtime/OpenXR/Content/Devices/OculusTouch_v3/Left/left_OculusTouch_v3Controller.ubulk" 1238
"../../../Engine/Plugins/Runtime/OpenXR/Content/Devices/OculusTouch_v3/Left/left_OculusTouch_v3Controller.uasset" 1239
"../../../Engine/Plugins/Runtime/OpenXR/Content/Devices/OculusTouch_v3/Left/left_OculusTouch_v3Controller.uexp" 1240
"../../../Engine/Plugins/Runtime/OpenXR/Content/Devices/OculusTouch_v2/MRTexture.ubulk" 1241
"../../../Engine/Plugins/Runtime/OpenXR/Content/Devices/OculusTouch_v2/MRTexture.uasset" 1242
"../../../Engine/Plugins/Runtime/OpenXR/Content/Devices/OculusTouch_v2/MRTexture.uexp" 1243
"../../../Engine/Plugins/Runtime/OpenXR/Content/Devices/OculusTouch_v2/BaseTexture.ubulk" 1244
"../../../Engine/Plugins/Runtime/OpenXR/Content/Devices/OculusTouch_v2/BaseTexture.uasset" 1245
"../../../Engine/Plugins/Runtime/OpenXR/Content/Devices/OculusTouch_v2/BaseTexture.uexp" 1246
"../../../Engine/Plugins/Runtime/OpenXR/Content/Devices/OculusTouch_v2/MI_OculusTouch_v2.uasset" 1247
"../../../Engine/Plugins/Runtime/OpenXR/Content/Devices/OculusTouch_v2/MI_OculusTouch_v2.uexp" 1248
"../../../Engine/Plugins/Runtime/OpenXR/Content/Devices/OculusTouch_v2/Right/right_OculusTouch_v2Controller.ubulk" 1249
"../../../Engine/Plugins/Runtime/OpenXR/Content/Devices/OculusTouch_v2/Right/right_OculusTouch_v2Controller.uasset" 1250
"../../../Engine/Plugins/Runtime/OpenXR/Content/Devices/OculusTouch_v2/Right/right_OculusTouch_v2Controller.uexp" 1251
"../../../Engine/Plugins/Runtime/OpenXR/Content/Devices/OculusTouch_v2/Left/left_OculusTouch_v2Controller.ubulk" 1252
"../../../Engine/Plugins/Runtime/OpenXR/Content/Devices/OculusTouch_v2/Left/left_OculusTouch_v2Controller.uasset" 1253
"../../../Engine/Plugins/Runtime/OpenXR/Content/Devices/OculusTouch_v2/Left/left_OculusTouch_v2Controller.uexp" 1254
"../../../Engine/Plugins/Runtime/OpenXR/Content/Devices/OculusTouch/MRTexture.ubulk" 1255
"../../../Engine/Plugins/Runtime/OpenXR/Content/Devices/OculusTouch/MRTexture.uasset" 1256
"../../../Engine/Plugins/Runtime/OpenXR/Content/Devices/OculusTouch/MRTexture.uexp" 1257
"../../../Engine/Plugins/Runtime/OpenXR/Content/Devices/OculusTouch/BaseTexture.ubulk" 1258
"../../../Engine/Plugins/Runtime/OpenXR/Content/Devices/OculusTouch/BaseTexture.uasset" 1259
"../../../Engine/Plugins/Runtime/OpenXR/Content/Devices/OculusTouch/BaseTexture.uexp" 1260
"../../../Engine/Plugins/Runtime/OpenXR/Content/Devices/OculusTouch/MI_OculusTouch.uasset" 1261
"../../../Engine/Plugins/Runtime/OpenXR/Content/Devices/OculusTouch/MI_OculusTouch.uexp" 1262
"../../../Engine/Plugins/Runtime/OpenXR/Content/Devices/OculusTouch/Right/right_OculusTouchController.ubulk" 1263
"../../../Engine/Plugins/Runtime/OpenXR/Content/Devices/OculusTouch/Right/right_OculusTouchController.uasset" 1264
"../../../Engine/Plugins/Runtime/OpenXR/Content/Devices/OculusTouch/Right/right_OculusTouchController.uexp" 1265
"../../../Engine/Plugins/Runtime/OpenXR/Content/Devices/OculusTouch/Left/left_OculusTouchController.ubulk" 1266
"../../../Engine/Plugins/Runtime/OpenXR/Content/Devices/OculusTouch/Left/left_OculusTouchController.uasset" 1267
"../../../Engine/Plugins/Runtime/OpenXR/Content/Devices/OculusTouch/Left/left_OculusTouchController.uexp" 1268
"../../../Engine/Plugins/Runtime/OpenXR/Content/Devices/MicrosoftMixedReality/NormalTexture.ubulk" 1269
"../../../Engine/Plugins/Runtime/OpenXR/Content/Devices/MicrosoftMixedReality/NormalTexture.uasset" 1270
"../../../Engine/Plugins/Runtime/OpenXR/Content/Devices/MicrosoftMixedReality/NormalTexture.uexp" 1271
"../../../Engine/Plugins/Runtime/OpenXR/Content/Devices/MicrosoftMixedReality/MRTexture.ubulk" 1272
"../../../Engine/Plugins/Runtime/OpenXR/Content/Devices/MicrosoftMixedReality/MRTexture.uasset" 1273
"../../../Engine/Plugins/Runtime/OpenXR/Content/Devices/MicrosoftMixedReality/MRTexture.uexp" 1274
"../../../Engine/Plugins/Runtime/OpenXR/Content/Devices/MicrosoftMixedReality/EmissiveTexture.ubulk" 1275
"../../../Engine/Plugins/Runtime/OpenXR/Content/Devices/MicrosoftMixedReality/EmissiveTexture.uasset" 1276
"../../../Engine/Plugins/Runtime/OpenXR/Content/Devices/MicrosoftMixedReality/EmissiveTexture.uexp" 1277
"../../../Engine/Plugins/Runtime/OpenXR/Content/Devices/MicrosoftMixedReality/BaseTexture.ubulk" 1278
"../../../Engine/Plugins/Runtime/OpenXR/Content/Devices/MicrosoftMixedReality/BaseTexture.uasset" 1279
"../../../Engine/Plugins/Runtime/OpenXR/Content/Devices/MicrosoftMixedReality/BaseTexture.uexp" 1280
"../../../Engine/Plugins/Runtime/OpenXR/Content/Devices/MicrosoftMixedReality/MI_MicrosoftMixedReality.uasset" 1281
"../../../Engine/Plugins/Runtime/OpenXR/Content/Devices/MicrosoftMixedReality/MI_MicrosoftMixedReality.uexp" 1282
"../../../Engine/Plugins/Runtime/OpenXR/Content/Devices/MicrosoftMixedReality/Right/right_MicrosoftMixedRealityController.ubulk" 1283
"../../../Engine/Plugins/Runtime/OpenXR/Content/Devices/MicrosoftMixedReality/Right/right_MicrosoftMixedRealityController.uasset" 1284
"../../../Engine/Plugins/Runtime/OpenXR/Content/Devices/MicrosoftMixedReality/Right/right_MicrosoftMixedRealityController.uexp" 1285
"../../../Engine/Plugins/Runtime/OpenXR/Content/Devices/MicrosoftMixedReality/Left/left_MicrosoftMixedRealityController.ubulk" 1286
"../../../Engine/Plugins/Runtime/OpenXR/Content/Devices/MicrosoftMixedReality/Left/left_MicrosoftMixedRealityController.uasset" 1287
"../../../Engine/Plugins/Runtime/OpenXR/Content/Devices/MicrosoftMixedReality/Left/left_MicrosoftMixedRealityController.uexp" 1288
"../../../Engine/Plugins/Animation/DeformerGraph/Content/DeformerFunctions/DG_Function_LinearBlendSkin_Morph_Cloth.uasset" 1289
"../../../Engine/Plugins/Animation/DeformerGraph/Content/DeformerFunctions/DG_Function_LinearBlendSkin_Morph_Cloth.uexp" 1290
"../../../Engine/Plugins/Animation/DeformerGraph/Content/Deformers/DG_LinearBlendSkin_Morph_Cloth.uasset" 1291
"../../../Engine/Plugins/Animation/DeformerGraph/Content/Deformers/DG_LinearBlendSkin_Morph_Cloth.uexp" 1292
"../../../Engine/Plugins/Animation/DeformerGraph/Content/DeformerFunctions/DG_Function_LinearBlendSkin_Morph_Cloth_PositionOnly.uasset" 1293
"../../../Engine/Plugins/Animation/DeformerGraph/Content/DeformerFunctions/DG_Function_LinearBlendSkin_Morph_Cloth_PositionOnly.uexp" 1294
"../../../Engine/Plugins/Animation/DeformerGraph/Content/DeformerFunctions/DG_Function_ComputeNormalsTangents.uasset" 1295
"../../../Engine/Plugins/Animation/DeformerGraph/Content/DeformerFunctions/DG_Function_ComputeNormalsTangents.uexp" 1296
"../../../Engine/Plugins/Animation/DeformerGraph/Content/Deformers/DG_LinearBlendSkin_Morph_Cloth_RecomputeNormals.uasset" 1297
"../../../Engine/Plugins/Animation/DeformerGraph/Content/Deformers/DG_LinearBlendSkin_Morph_Cloth_RecomputeNormals.uexp" 1298
"C:/Users/conov/Desktop/VR/BrainLabsV2 5.6/Content/ProtosLab_BuiltData.ubulk" 1299
"C:/Users/conov/Desktop/VR/BrainLabsV2 5.6/Content/ProtosLab_BuiltData.uasset" 1300
"C:/Users/conov/Desktop/VR/BrainLabsV2 5.6/Content/ProtosLab_BuiltData.uexp" 1301
"C:/Users/conov/Desktop/VR/BrainLabsV2 5.6/Content/SceneMeshes/CratePack/Texture_BaseColor_v02.ubulk" 1302
"C:/Users/conov/Desktop/VR/BrainLabsV2 5.6/Content/SceneMeshes/CratePack/Texture_BaseColor_v02.uasset" 1303
"C:/Users/conov/Desktop/VR/BrainLabsV2 5.6/Content/SceneMeshes/CratePack/Texture_BaseColor_v02.uexp" 1304
"C:/Users/conov/Desktop/VR/BrainLabsV2 5.6/Content/SceneMeshes/CratePack/Weapon_Crate_M.uasset" 1305
"C:/Users/conov/Desktop/VR/BrainLabsV2 5.6/Content/SceneMeshes/CratePack/Weapon_Crate_M.uexp" 1306
"C:/Users/conov/Desktop/VR/BrainLabsV2 5.6/Content/SceneMeshes/CratePack/free_pack_weapon_crate_SM_WeaponCrate_03_B.ubulk" 1307
"C:/Users/conov/Desktop/VR/BrainLabsV2 5.6/Content/SceneMeshes/CratePack/free_pack_weapon_crate_SM_WeaponCrate_03_B.uasset" 1308
"C:/Users/conov/Desktop/VR/BrainLabsV2 5.6/Content/SceneMeshes/CratePack/free_pack_weapon_crate_SM_WeaponCrate_03_B.uexp" 1309
"../../../Engine/Content/Functions/Engine_MaterialFunctions01/Gradient/LinearGradient.uasset" 1310
"../../../Engine/Content/Functions/Engine_MaterialFunctions01/Gradient/LinearGradient.uexp" 1311
"../../../Engine/Content/Functions/Engine_MaterialFunctions01/ImageAdjustment/CheapContrast.uasset" 1312
"../../../Engine/Content/Functions/Engine_MaterialFunctions01/ImageAdjustment/CheapContrast.uexp" 1313
"C:/Users/conov/Desktop/VR/BrainLabsV2 5.6/Content/LevelPrototyping/Textures/T_GridChecker_A.ubulk" 1314
"C:/Users/conov/Desktop/VR/BrainLabsV2 5.6/Content/LevelPrototyping/Textures/T_GridChecker_A.uasset" 1315
"C:/Users/conov/Desktop/VR/BrainLabsV2 5.6/Content/LevelPrototyping/Textures/T_GridChecker_A.uexp" 1316
"C:/Users/conov/Desktop/VR/BrainLabsV2 5.6/Content/LevelPrototyping/Materials/MF_ProcGrid.uasset" 1317
"C:/Users/conov/Desktop/VR/BrainLabsV2 5.6/Content/LevelPrototyping/Materials/MF_ProcGrid.uexp" 1318
"C:/Users/conov/Desktop/VR/BrainLabsV2 5.6/Content/LevelPrototyping/Materials/M_PrototypeGrid.uasset" 1319
"C:/Users/conov/Desktop/VR/BrainLabsV2 5.6/Content/LevelPrototyping/Materials/M_PrototypeGrid.uexp" 1320
"C:/Users/conov/Desktop/VR/BrainLabsV2 5.6/Content/LevelPrototyping/Materials/MI_PrototypeGrid_Gray.uasset" 1321
"C:/Users/conov/Desktop/VR/BrainLabsV2 5.6/Content/LevelPrototyping/Materials/MI_PrototypeGrid_Gray.uexp" 1322
"C:/Users/conov/Desktop/VR/BrainLabsV2 5.6/Content/LevelPrototyping/Meshes/SM_Cube.ubulk" 1323
"C:/Users/conov/Desktop/VR/BrainLabsV2 5.6/Content/LevelPrototyping/Meshes/SM_Cube.uasset" 1324
"C:/Users/conov/Desktop/VR/BrainLabsV2 5.6/Content/LevelPrototyping/Meshes/SM_Cube.uexp" 1325
"C:/Users/conov/Desktop/VR/BrainLabsV2 5.6/Content/PawnPrints/BPObjects/TestingLever.uasset" 1326
"C:/Users/conov/Desktop/VR/BrainLabsV2 5.6/Content/PawnPrints/BPObjects/TestingLever.uexp" 1327
"C:/Users/conov/Desktop/VR/BrainLabsV2 5.6/Content/FPWeapon/Mesh/SK_FPGun_Skeleton.uasset" 1328
"C:/Users/conov/Desktop/VR/BrainLabsV2 5.6/Content/FPWeapon/Mesh/SK_FPGun_Skeleton.uexp" 1329
"C:/Users/conov/Desktop/VR/BrainLabsV2 5.6/Content/FPWeapon/Mesh/SK_FPGun_Physics.uasset" 1330
"C:/Users/conov/Desktop/VR/BrainLabsV2 5.6/Content/FPWeapon/Mesh/SK_FPGun_Physics.uexp" 1331
"../../../Engine/Content/Functions/MaterialLayerFunctions/MatLayerBlend_Simple.uasset" 1332
"../../../Engine/Content/Functions/MaterialLayerFunctions/MatLayerBlend_Simple.uexp" 1333
"../../../Engine/Content/Functions/MaterialLayerFunctions/MatLayerBlend_NormalBlend.uasset" 1334
"../../../Engine/Content/Functions/MaterialLayerFunctions/MatLayerBlend_NormalBlend.uexp" 1335
"C:/Users/conov/Desktop/VR/BrainLabsV2 5.6/Content/FPWeapon/Textures/T_FPGun_N.ubulk" 1336
"C:/Users/conov/Desktop/VR/BrainLabsV2 5.6/Content/FPWeapon/Textures/T_FPGun_N.uasset" 1337
"C:/Users/conov/Desktop/VR/BrainLabsV2 5.6/Content/FPWeapon/Textures/T_FPGun_N.uexp" 1338
"C:/Users/conov/Desktop/VR/BrainLabsV2 5.6/Content/FPWeapon/Textures/T_FPGun_M.ubulk" 1339
"C:/Users/conov/Desktop/VR/BrainLabsV2 5.6/Content/FPWeapon/Textures/T_FPGun_M.uasset" 1340
"C:/Users/conov/Desktop/VR/BrainLabsV2 5.6/Content/FPWeapon/Textures/T_FPGun_M.uexp" 1341
"C:/Users/conov/Desktop/VR/BrainLabsV2 5.6/Content/FPWeapon/Materials/MaterialLayers/T_ML_Aluminum01.ubulk" 1342
"C:/Users/conov/Desktop/VR/BrainLabsV2 5.6/Content/FPWeapon/Materials/MaterialLayers/T_ML_Aluminum01.uasset" 1343
"C:/Users/conov/Desktop/VR/BrainLabsV2 5.6/Content/FPWeapon/Materials/MaterialLayers/T_ML_Aluminum01.uexp" 1344
"C:/Users/conov/Desktop/VR/BrainLabsV2 5.6/Content/FPWeapon/Materials/MaterialLayers/T_ML_Rubber_Blue_01_D.ubulk" 1345
"C:/Users/conov/Desktop/VR/BrainLabsV2 5.6/Content/FPWeapon/Materials/MaterialLayers/T_ML_Rubber_Blue_01_D.uasset" 1346
"C:/Users/conov/Desktop/VR/BrainLabsV2 5.6/Content/FPWeapon/Materials/MaterialLayers/T_ML_Rubber_Blue_01_D.uexp" 1347
"C:/Users/conov/Desktop/VR/BrainLabsV2 5.6/Content/FPWeapon/Materials/MaterialLayers/T_ML_Rubber_Blue_01_N.ubulk" 1348
"C:/Users/conov/Desktop/VR/BrainLabsV2 5.6/Content/FPWeapon/Materials/MaterialLayers/T_ML_Rubber_Blue_01_N.uasset" 1349
"C:/Users/conov/Desktop/VR/BrainLabsV2 5.6/Content/FPWeapon/Materials/MaterialLayers/T_ML_Rubber_Blue_01_N.uexp" 1350
"C:/Users/conov/Desktop/VR/BrainLabsV2 5.6/Content/FPWeapon/Materials/MaterialLayers/ML_GlossyBlack_Latex_UE4.uasset" 1351
"C:/Users/conov/Desktop/VR/BrainLabsV2 5.6/Content/FPWeapon/Materials/MaterialLayers/ML_GlossyBlack_Latex_UE4.uexp" 1352
"C:/Users/conov/Desktop/VR/BrainLabsV2 5.6/Content/FPWeapon/Materials/MaterialLayers/ML_Plastic_Shiny_Beige.uasset" 1353
"C:/Users/conov/Desktop/VR/BrainLabsV2 5.6/Content/FPWeapon/Materials/MaterialLayers/ML_Plastic_Shiny_Beige.uexp" 1354
"C:/Users/conov/Desktop/VR/BrainLabsV2 5.6/Content/FPWeapon/Materials/MaterialLayers/ML_Screen.uasset" 1355
"C:/Users/conov/Desktop/VR/BrainLabsV2 5.6/Content/FPWeapon/Materials/MaterialLayers/ML_Screen.uexp" 1356
"C:/Users/conov/Desktop/VR/BrainLabsV2 5.6/Content/FPWeapon/Materials/MaterialLayers/T_ML_Aluminum01_N.ubulk" 1357
"C:/Users/conov/Desktop/VR/BrainLabsV2 5.6/Content/FPWeapon/Materials/MaterialLayers/T_ML_Aluminum01_N.uasset" 1358
"C:/Users/conov/Desktop/VR/BrainLabsV2 5.6/Content/FPWeapon/Materials/MaterialLayers/T_ML_Aluminum01_N.uexp" 1359
"C:/Users/conov/Desktop/VR/BrainLabsV2 5.6/Content/FPWeapon/Materials/MaterialLayers/ML_SoftMetal_UE4.uasset" 1360
"C:/Users/conov/Desktop/VR/BrainLabsV2 5.6/Content/FPWeapon/Materials/MaterialLayers/ML_SoftMetal_UE4.uexp" 1361
"C:/Users/conov/Desktop/VR/BrainLabsV2 5.6/Content/FPWeapon/Materials/M_FPGun.uasset" 1362
"C:/Users/conov/Desktop/VR/BrainLabsV2 5.6/Content/FPWeapon/Materials/M_FPGun.uexp" 1363
"C:/Users/conov/Desktop/VR/BrainLabsV2 5.6/Content/FPWeapon/Mesh/SK_FPGun.uasset" 1364
"C:/Users/conov/Desktop/VR/BrainLabsV2 5.6/Content/FPWeapon/Mesh/SK_FPGun.uexp" 1365
"C:/Users/conov/Desktop/VR/BrainLabsV2 5.6/Content/VRTemplate/Input/Actions/IA_Shoot_Right.uasset" 1366
"C:/Users/conov/Desktop/VR/BrainLabsV2 5.6/Content/VRTemplate/Input/Actions/IA_Shoot_Right.uexp" 1367
"C:/Users/conov/Desktop/VR/BrainLabsV2 5.6/Content/VRTemplate/Input/IMC_Weapon_Right.uasset" 1368
"C:/Users/conov/Desktop/VR/BrainLabsV2 5.6/Content/VRTemplate/Input/IMC_Weapon_Right.uexp" 1369
"C:/Users/conov/Desktop/VR/BrainLabsV2 5.6/Content/VRTemplate/Input/Actions/IA_Shoot_Left.uasset" 1370
"C:/Users/conov/Desktop/VR/BrainLabsV2 5.6/Content/VRTemplate/Input/Actions/IA_Shoot_Left.uexp" 1371
"C:/Users/conov/Desktop/VR/BrainLabsV2 5.6/Content/VRTemplate/Input/IMC_Weapon_Left.uasset" 1372
"C:/Users/conov/Desktop/VR/BrainLabsV2 5.6/Content/VRTemplate/Input/IMC_Weapon_Left.uexp" 1373
"C:/Users/conov/Desktop/VR/BrainLabsV2 5.6/Content/VRTemplate/Haptics/PistolFireHapticEffect.uasset" 1374
"C:/Users/conov/Desktop/VR/BrainLabsV2 5.6/Content/VRTemplate/Haptics/PistolFireHapticEffect.uexp" 1375
"C:/Users/conov/Desktop/VR/BrainLabsV2 5.6/Content/VRTemplate/Materials/M_Projectile.uasset" 1376
"C:/Users/conov/Desktop/VR/BrainLabsV2 5.6/Content/VRTemplate/Materials/M_Projectile.uexp" 1377
"C:/Users/conov/Desktop/VR/BrainLabsV2 5.6/Content/VRTemplate/Materials/MI_Projectile.uasset" 1378
"C:/Users/conov/Desktop/VR/BrainLabsV2 5.6/Content/VRTemplate/Materials/MI_Projectile.uexp" 1379
"C:/Users/conov/Desktop/VR/BrainLabsV2 5.6/Content/VRTemplate/Blueprints/Projectile.uasset" 1380
"C:/Users/conov/Desktop/VR/BrainLabsV2 5.6/Content/VRTemplate/Blueprints/Projectile.uexp" 1381
"C:/Users/conov/Desktop/VR/BrainLabsV2 5.6/Content/VRTemplate/Blueprints/Pistol.uasset" 1382
"C:/Users/conov/Desktop/VR/BrainLabsV2 5.6/Content/VRTemplate/Blueprints/Pistol.uexp" 1383
"C:/Users/conov/Desktop/VR/BrainLabsV2 5.6/Content/PawnPrints/BPObjects/DataObjects/TestBlocks/DebugTestBlocks/5-1sTable.uasset" 1384
"C:/Users/conov/Desktop/VR/BrainLabsV2 5.6/Content/PawnPrints/BPObjects/DataObjects/TestBlocks/DebugTestBlocks/5-1sTable.uexp" 1385
"C:/Users/conov/Desktop/VR/BrainLabsV2 5.6/Content/PawnPrints/BPObjects/DataObjects/TestBlocks/BaselineTestBlocks/warmup_1.uasset" 1386
"C:/Users/conov/Desktop/VR/BrainLabsV2 5.6/Content/PawnPrints/BPObjects/DataObjects/TestBlocks/BaselineTestBlocks/warmup_1.uexp" 1387
"C:/Users/conov/Desktop/VR/BrainLabsV2 5.6/Content/PawnPrints/BPObjects/DataObjects/TestBlocks/80-20TestBlocks/main_test_80_20.uasset" 1388
"C:/Users/conov/Desktop/VR/BrainLabsV2 5.6/Content/PawnPrints/BPObjects/DataObjects/TestBlocks/80-20TestBlocks/main_test_80_20.uexp" 1389
"C:/Users/conov/Desktop/VR/BrainLabsV2 5.6/Content/PawnPrints/BPObjects/DataObjects/TestBlocks/20-80TestBlocks/main_test_20_80.uasset" 1390
"C:/Users/conov/Desktop/VR/BrainLabsV2 5.6/Content/PawnPrints/BPObjects/DataObjects/TestBlocks/20-80TestBlocks/main_test_20_80.uexp" 1391
"C:/Users/conov/Desktop/VR/BrainLabsV2 5.6/Content/PawnPrints/BPObjects/DataObjects/TestBlocks/ExampleTargets.uasset" 1392
"C:/Users/conov/Desktop/VR/BrainLabsV2 5.6/Content/PawnPrints/BPObjects/DataObjects/TestBlocks/ExampleTargets.uexp" 1393
"C:/Users/conov/Desktop/VR/BrainLabsV2 5.6/Content/PawnPrints/BPObjects/DataObjects/TestBlocks/DebugTestBlocks/5-2sTable.uasset" 1394
"C:/Users/conov/Desktop/VR/BrainLabsV2 5.6/Content/PawnPrints/BPObjects/DataObjects/TestBlocks/DebugTestBlocks/5-2sTable.uexp" 1395
"C:/Users/conov/Desktop/VR/BrainLabsV2 5.6/Content/ProtosLab.uexp" 1396
"C:/Users/conov/Desktop/VR/BrainLabsV2 5.6/Content/ProtosLab.umap" 1397
"../../../Engine/Content/Maps/Entry_BuiltData.uasset" 1398
"../../../Engine/Content/Maps/Entry_BuiltData.uexp" 1399
"../../../Engine/Content/Maps/Entry.uexp" 1400
"../../../Engine/Content/Maps/Entry.umap" 1401
